DISTRITO,CEP,LOGRADOURO
301,4301000,Avenida Miguel Estefno
303,4301001,Avenida Miguel Estefno
303,4301002,Avenida Miguel Estefno
301,4301004,PRAÇA WALDEMAR MARCHETTI
301,4301006,VIADUTO MINISTRO ALIOMAR BALEE
301,4301010,Avenida Miguel Estefno
301,4301010,Avenida Miguel Estefno
301,4301010,Avenida Miguel Estefno
301,4301010,Avenida Miguel Estefno
301,4301010,Avenida Miguel Estefno
301,4301010,Avenida Miguel Estefno
301,4301010,Avenida Miguel Estefno
301,4301011,Avenida Miguel Estefno
303,4301011,Avenida Miguel Estefno
301,4301011,Avenida Miguel Estefno
301,4301011,Avenida Miguel Estefno
301,4301011,Avenida Miguel Estefno
303,4301012,Avenida Miguel Estefno
303,4301030,ESTRADA DIVISOR DO PARQUE DO E
301,4302000,RUA APOTRIBU
301,4302010,RUA BIOBEDAS
301,4302020,RUA PARACATU
301,4302021,RUA PARACATU
301,4302022,RUA PARACATU
301,4302030,RUA BENTO ARANHA
301,4302040,RUA DOUTOR JOSÉ OSÓRIO DE OLIV
301,4302050,RUA IBITURUNA
301,4302051,RUA IBITURUNA
301,4302052,RUA IBITURUNA
301,4302060,RUA DAMASCENO VIEIRA FERNANDES
301,4302070,RUA PASQUALE TOTARO
301,4302080,RUA ANTÔNIO CALIXTO ABRÃO
301,4302090,RUA EDUARDO LOBO
301,4302100,RUA MANOEL PINTO MADUREIRA
301,4302110,RUA DEGROUX
301,4302120,RUA ALCATRAZ
302,4303000,Rua Aprígio Gonzaga
301,4303001,Rua Aprígio Gonzaga
301,4303010,RUA IRINEU REIS
301,4303020,RUA JORGE MASSARA FAGUNDES
301,4303030,TRAVESSA IRINEU REIS
302,4303040,RUA MARIA FAGNANI
301,4303050,TRAVESSA DEOCLECIANO FONSECA
301,4303060,RUA JUVÊNCIO GASPAR DA SILVA
301,4303070,RUA MUNHOZ DA ROCHA NETO
302,4303080,RUA MÁRIO AUGUSTO FERRÃO
302,4303090,RUA JOSÉ GOMES DA SILVA
302,4303100,RUA MARIA FARAH ISSA
302,4303110,RUA JUPAGUÁ
302,4303130,RUA TENENTE JOÃO PEREIRA DE AN
302,4303140,RUA DONA MARIA PERA
302,4303150,RUA AGHA RIZÃ
302,4303160,RUA DOMINGADA
302,4303170,RUA PANAMERICANA
302,4303180,RUA DOURO
302,4303190,RUA DOUTOR MAURÍCIO DE LACERDA
302,4303200,RUA DONA AUGUSTA GORGUEIRA
301,4303210,RUA GIRAU DO PONCIANO
302,4303220,RUA GUSTAVO NARKEVITZ
301,4303230,RUA DOM VIÇOSO
301,4303240,RUA DAMOPHON
302,4303250,RUA PALERMO
302,4303260,RUA JEAN ARP
302,4303270,RUA PALMIRA PALERMO
302,4304001,Avenida Fagundes Filho
302,4304020,RUA GUILHOBEL
302,4304030,RUA BERTO CONDE
302,4304050,RUA FRANCISCO MESQUITA
302,4304060,RUA SEBASTIÃO GUIMARÃES CORREA
302,4304070,RUA BRÁS SANGIOVANNI
302,4304080,RUA AMÂNCIO DE ANDRADE
302,4304090,RUA TERRITÓRIO DO AMAPÁ
302,4304110,RUA MAJOR FREIRE
302,4304111,RUA MAJOR FREIRE
302,4304120,RUA MASSARANDUBA
302,4305000,RUA DOS DEMOCRATAS
302,4305020,RUA ISAURA FREIRE
303,4305050,RUA GALEAZZO ALESSI
303,4305060,RUA AZEVEDO RIBEIRO
303,4305070,RUA PRUDENTE DE MORAES NETO
303,4306020,RUA SOARES DE AVELLAR
303,4306050,RUA EMÍLIA SORRENTINO
303,4306070,RUA JÚLIO CÉSAR ROCCA
303,4306090,RUA ABRAÃO MIGUEL DO CARMO
303,4307000,RUA CARLOS VILLALVA
303,4307010,RUA CAVIANA
303,4307030,RUA MIGUEL HERNANDEZ
303,4307040,RUA JORNALISTA CLÁUDIO ABRAMO
303,4307050,PRAÇA WHITAKER PENTEADO
303,4307060,RUA BRASÓPOLIS
303,4307065,RUA HERCÍLIO PEREIRA
303,4307070,RUA ARAPUÃ
303,4307080,VIADUTO ARAPUÃ
303,4307090,PRAÇA MOYSÉS KUHLMANN
303,4307100,RUA PROFESSOR SOUSA BARROS
303,4307110,RUA BENTO DE LEMOS
303,4307120,PRAÇA PADRE GREGÓRIO WESTRUPP
303,4308000,AVENIDA ENGENHEIRO ARMANDO DE
303,4308001,AVENIDA ENGENHEIRO ARMANDO DE
303,4308010,RUA HÉLIO LOURENÇO CAGNO
303,4308020,PRAÇA PADRE JOSÉ CONCEIÇÃO MEI
303,4309010,AVENIDA ENGENHEIRO ARMANDO DE
303,4309011,AVENIDA ENGENHEIRO ARMANDO DE
307,4320000,RUA GENERAL MANUEL VARGAS
307,4320010,PRAÇA JOSE LUZ
307,4320020,PRAÇA DÁCIO PIRES CORREIA
307,4320030,RUA DOS COMERCIÁRIOS
307,4320040,RUA ANITA COSTA
307,4320050,RUA TUPARAÍ
307,4320060,RUA SÃO BORJA
307,4320065,TRAVESSA TANQUE NOVO
307,4320070,RUA IBICUI -MIRIM
307,4320090,RUA JOÃO DE CASTRO REBELO
307,4320100,RUA FRANCISCO DUARTE GRAÇA
307,4320110,RUA ITAIARA
307,4320120,RUA ITAGUARA
307,4320140,RUA CORNÉLIO PIRES
307,4320150,RUA DOUTOR HEITOR RODRIGUES DE
307,4320155,TRAVESSA REVERENDO AUGUSTO PAE
306,4321000,RUA DOS BURITIS
306,4321001,RUA DOS BURITIS
306,4321002,RUA DOS BURITIS
306,4321020,RUA NADRA RAFFOUL MOKODSI
306,4321040,ALAMEDA IBIRACEMAS
306,4321070,RUA DAS SERINGUEIRAS
306,4321080,RUA GUACURIS
306,4321090,AVENIDA DOS JEQUITIBÁS
306,4321100,RUA CASSUARINAS
306,4321110,RUA DOS CAJUEIROS
306,4321120,RUA DAS PEROBAS
306,4321130,RUA FARJALLA KORAICHO
306,4321140,Rua dos Capinãs
306,4321150,RUA DAS BICUÍBAS
306,4321160,RUA DAS PITOMBEIRAS
306,4321170,RUA PINHEIRINHO
308,4323000,RUA OITEIRO
308,4323010,RUA CORONEL LUÍS DE FARIA E SO
307,4323020,RUA JOÃO TURRIANO
308,4323030,TRAVESSA ALBINO DOS SANTOS
308,4323040,RUA DOUTOR VALTER PINTO
308,4323050,RUA CAPITÃO VALDIR ALVES DE SI
308,4323060,RUA SANTA RITA DOESTE
308,4323070,RUA DAS ROLINHAS
308,4323080,RUA DOS PICA - PAUS
308,4323090,RUA PORCELANA
308,4323100,TRAVESSA DA CANTATA MATINAL
308,4323110,RUA MARIE GABI
308,4323120,RUA DAS JÓIAS
308,4323130,TRAVESSA ADÉLIA ROSA DA SILVA
308,4323140,TRAVESSA DA CANTATA VESPERAL
308,4323150,RUA LAGOA DOS SALGUEIROS
308,4323155,TRAVESSA CONTRALTOS
308,4323160,RUA ARNALDO AUGUSTO DE SÁ
308,4323170,RUA NICOLINO MILANO
308,4323180,RUA DO CÉU
308,4323190,RUA ESMERALDA
308,4323215,RUA RUBI
308,4323220,RUA DOS BEIJA - FLOR
308,4323230,RUA AUSTRÁLIA
308,4323240,RUA DAS CRUZADAS
307,4324000,RUA JOSÉ DE ALCÂNTARA
307,4324010,TRAVESSA FONTE PERENE
307,4324040,RUA GENI
307,4324050,RUA JOSÉ VERÍSSIMO DA COSTA PE
307,4324060,RUA OITO DE NOVEMBRO
307,4324070,RUA CATERINO CAVOS
307,4324080,TRAVESSA NICANOR MAURÍCIO
307,4324090,AVENIDA BARRO BRANCO
307,4324100,RUA KABLAN KRONFLY
307,4324110,RUA DAS PÉROLAS
308,4324120,RUA EURÍPEDES
308,4324130,RUA BENEDITA DA FONSECA FONTES
308,4324140,RUA EUGÊNIA
308,4324150,TRAVESSA MARCOS SEGUIN
308,4324160,RUA LUIZ CARLOS FACHINI
308,4324170,RUA HENRIQUE DA SILVA FONTES
308,4324180,RUA EUTERPE
308,4324190,RUA ASTROLÁBIO
308,4324200,RUA EULÓGIO
308,4324220,RUA MARIA VITÓRIA DE CASTRO
308,4324230,PRAÇA CAIO EGYDIO DE SOUZA ARA
308,4324240,RUA EUDORA
308,4325000,AVENIDA ENGENHEIRO ARMANDO DE
308,4325001,AVENIDA ENGENHEIRO ARMANDO DE
308,4325005,TRAVESSA FLEXEIRAS
307,4326000,PRAÇA DOUTOR AÉCIO MENNUCCI
307,4326010,RUA AZOR SILVA
307,4326020,TRAVESSA PEREIRA BRAGANÇA
307,4326030,RUA PADRE RODOLFO KOMOREK
307,4326040,RUA ÁVILA
307,4326050,RUA MARECHAL JOÃO BATISTA MATO
307,4326060,RUA FACHINI
307,4326070,RUA TARCÍLIA
307,4326080,AVENIDA EUCLIDES
307,4326090,RUA BELARMINO BARRETO
307,4326100,TRAVESSA ANILEIRA
307,4326110,RUA PROFESSORA MARIA PACHECO N
307,4326120,RUA GODOFREDO BRAGA
307,4326130,AVENIDA EULÁLIA
307,4326140,RUA BRAGA
307,4326150,RUA JOÃO BATISTA DOS SANTOS
307,4326160,TRAVESSA EULÁLIA
307,4326170,PASSAGEM GODOFREDO BRAGA
307,4327000,RUA EUBELO
307,4327010,RUA XAVIER PAES
307,4327020,RUA PROFESSOR ARAÚJO MACIEL
307,4327040,RUA MANUEL LAVRADOS
307,4327050,RUA DELMIRA AGUSTINI
307,4327055,TRAVESSA LUIZ CARLOS KAKIUTHI
307,4327060,Travessa Carneiro Braga
307,4327070,RUA LUÍS PALES MATOS
307,4327080,RUA QUEIRÓS RIBEIRO
307,4327110,RUA JOSÉ AUGUSTO FRANÇA
307,4327120,RUA GAZETA
307,4327130,RUA BALDOMERO LILLO
307,4327140,RUA FOLHA DA MANHÃ
307,4327150,RUA ANTOFAGASTA
307,4327160,RUA DIÁRIO DE NOTÍCIAS
307,4327175,RUA FILIPA MONIZ PERESTRELLO
307,4327180,RUA DOUTOR RENÉ FERNANDES
307,4328000,RUA JOÃO BATISTA
307,4328010,RUA MARCELO PASCHOAL
307,4328020,RUA FILINTO ELÍSEO
307,4328030,RUA DÉBORAH PASCOAL
307,4328040,RUA ULISSES PASCHOAL
307,4328050,RUA LUÍS AUGUSTO PASCHOAL
307,4328055,TRAVESSA DOS COLONOS
307,4328060,RUA WILSON KAWANAMI
307,4328080,TRAVESSA SONETO DA PAZ
307,4328090,RUA FREI ANTÔNIO BRANDÃO
307,4329000,RODOVIA DOS IMIGRANTES
307,4329100,RODOVIA DOS IMIGRANTES
306,4330000,RUA DAS CORRUIRAS
306,4330010,RUA DAS GUASSATUNGAS
306,4330020,AVENIDA FRANCISCO DE PAULA QUI
306,4330030,PRAÇA ENGENHEIRO HAIM VAIDERGO
306,4330040,AVENIDA GENERAL DALTRO FILHO
306,4330041,VIA DE PEDESTRE BERGONZI
306,4330042,VIA DE PEDESTRE MAINE
306,4330043,VIA DE PEDESTRE RETRAMA
306,4330045,RUA OURO PRETO
306,4330050,RUA DOS CISNES
306,4330060,RUA CRUZ DAS ALMAS
306,4330070,RUA DOS MARAPÉS
306,4330080,RUA BENTO COELHO DA SILVEIRA
306,4330085,TRAVESSA MARIA AUGUSTA JULIÃO
314,4330090,RUA GUIAN
306,4330100,RUA ROSÁLIA DE CASTRO
314,4330110,RUA MENDES NUNES
314,4330120,TRAVESSA DOUTOR JOSÉ DE QUADRO
314,4330130,PRAÇA ISAAC OLIVER
314,4330140,RUA NASCIMENTO SILVA
314,4330150,TRAVESSA KHALIL JOSEPH SAHD
314,4330160,TRAVESSA JUAN RYBA
314,4330170,AVENIDA JOÃO MARIA DE ALMEIDA
314,4330175,TRAVESSA IMACULADA SANCTIS PRA
306,4331000,RUA CAMILO CARRERA
306,4331010,TRAVESSA LOURENÇO TABORDA
306,4331020,RUA BRASILINA FONSECA
306,4331030,RUA AFONSO XIII
306,4331040,TRAVESSA LAZURITA
306,4331050,TRAVESSA BRASILINA FONSECA
306,4331060,RUA RAINHA VITÓRIA EUGÊNIA
306,4331070,RUA FRANCISCO SCARDAPANE
314,4331080,RUA JOSÉ HENRIQUE SANTA RITA
306,4331090,RUA ENRIQUE BLANCO VIDAL
314,4331100,RUA PRÍNCIPE DAS ASTÚRIAS
314,4331105,RUA FERNANDES BLANCO
314,4331110,RUA FERNANDEZ BLANCO
306,4332000,TRAVESSA CARLOS CHAVEZ
306,4332010,RUA SENEGAL
314,4332020,RUA FRANCISCO HOMEM
314,4332030,RUA JOSÉ FERNANDEZ LABOURDETTE
314,4332040,TRAVESSA CARDEAL SALVIATI
306,4332050,AVENIDA JOSÉ ESTEVÃO DE MAGALH
306,4332060,TRAVESSA HÉLIO JOSÉ PIRES OLIV
314,4332070,RUA GIUSEPPE VERDI
306,4332075,RUA SUZANNA WHITAKER DALMASO
314,4332080,RUA ARTUR NUNES DA SILVA
314,4332090,RUA PINHEIRO FERREIRA
306,4332100,RUA LUÍSA ÁLVARES
314,4332110,AVENIDA BENIGNO CARRERA
314,4332120,RUA ESMERALDA MONTEIRO
306,4332130,RUA DOUTOR OTTO STEPHAN
314,4333000,RUA FRANCESCO SOLIMENA
314,4333010,RUA ROSA MÍSTICA
314,4333020,RUA AMSTERDAM
314,4333030,RUA ANDRÉ LANG
307,4334000,RUA NATALINO AMARO TEIXEIRA
307,4334005,RUA JOSÉ BONIFÁCIO
307,4334010,RUA AGAPITO JOSÉ DA SILVA
307,4334020,TRAVESSA SÃO SIMÃO
308,4334030,RUA ANDERSON MESSIAS COSTA
308,4334040,AVENIDA MUZAMBINHO
308,4334050,RUA COROA IMPERIAL
308,4334060,RUA DEPUTADO FERNANDO MAURO
308,4334070,RUA CHARLES HOYT
308,4334080,RUA ALBERTO HERTZER
308,4334090,RUA OSMAR TOTARO
308,4334100,RUA ONOFRE SILVEIRA
308,4334110,TRAVESSA AUGUSTO FELICE
308,4334120,TRAVESSA BENTO VIANA
308,4334130,TRAVESSA FIDÉLIS MARZAGÃO
308,4334140,TRAVESSA DA CIÊNCIA
308,4334150,RUA HILDEBRANDO SIQUEIRA
308,4334160,RUA MARCELINO ANTÔNIO DUTRA
308,4334170,TRAVESSA LÁZARO RICARDO
308,4334180,TRAVESSA BIERREMBACK
308,4334200,TRAVESSA SYLVIO LISBOA DE REZE
315,4335000,RUA LENO
315,4335010,RUA DOIS DE NOVEMBRO
315,4335020,RUA VELHO MUNDO
315,4335025,RUA POIARES
315,4335030,RUA ROSENTINO DE SOUSA
315,4335040,RUA WALDIR MALUF
308,4335050,RUA CINCO DE OUTUBRO
308,4335060,RUA VALDEMAR PEDROSO
308,4335070,RUA ANACONDA
308,4335080,RUA JOSÉ MENINO
308,4335090,RUA CHEDID PEDRO
308,4335100,RUA ADELAIDE AUGUSTA CÂMARA
308,4335110,RUA ÔMEGA
308,4335120,RUA QUINTA DO REGALO
308,4335130,RUA DELTA
308,4335140,RUA SINHAZINHA
308,4335150,TRAVESSA DIVISÓRIA
314,4336000,RUA SEPINS
315,4336010,RUA DOUTOR DEODORO DE CAMPOS
315,4336020,RUA DOUTOR MÁRIO DE CAMPOS
315,4336030,RUA JOSÉ GASPAR
315,4336040,TRAVESSA ANDRÉ MORELLET
315,4336050,RUA CIDADE DE SANTOS
315,4336051,VIA DE PEDESTRE FAGULHA
315,4336060,TRAVESSA JOSÉ JOAQUIM DOS SANT
315,4336070,RUA AFRÂNIO DA SILVA PORTO
315,4336080,RUA TREZE DE JANEIRO
315,4336100,RUA ISABELA GONZAGA
315,4336110,RUA BALCANS
315,4336120,RUA GEORG EBERS
315,4336130,RUA PALMEIRA ALTA
315,4336140,TRAVESSA DOS DESAFIOS
315,4336150,RUA ROMANA DE OLIVEIRA SALES C
315,4336160,RUA DOUTOR ALCIDES DE CAMPOS
315,4336165,RUA FORMOSA DO RIO PRETO
315,4336175,RUA FORTALEZA DOS NOGUEIRAS
315,4337000,RUA TUPIRITAMA
315,4337010,TRAVESSA ARRAIAS
315,4337020,RUA CAPITÃO BRASÍLIO CARNEIRO
315,4337030,RUA CARLOS AUGUSTO DA COSTA
315,4337040,TRAVESSA ABE FORTES
315,4337050,RUA ANTÔNIO DA SILVA PORTO
315,4337060,TRAVESSA EMÍLIO DA SILVA LAGE
315,4337075,TRAVESSA MAIOBÁ
315,4337080,RUA AVELAR E SILVA
315,4337090,RUA JORGE RUBENS NEIVA DE CAMA
315,4337095,TRAVESSA PHILOMENO ANTONIO CON
315,4337100,RUA ANDRÉ FALCÃO DE RESENDE
315,4337110,TRAVESSA CLORINDA
315,4337120,RUA MELO NUNES
315,4337130,RUA GALIANO
315,4337140,RUA SEBASTIÃO SISSON
315,4337150,RUA MANUEL MELO FREIRE
315,4337160,RUA MARCO PALMEZZANO
315,4337170,RUA ALFREDO BRAGA
315,4337180,RUA JUVENAL LINO DE MATTOS
315,4337185,RUA COMENDADOR ÍTALO FRANCESCH
315,4337190,RUA HERMANO DA SILVA
315,4337210,RUA DOMINGOS GARCIA
315,4337220,RUA ESTEVÃO GOMES CABRAL
315,4338000,RUA ÁLVARES FAGUNDES
315,4338010,TRAVESSA TRABALHOS DA TERRA
315,4338020,RUA FLORENTINO BLANCO
315,4338030,TRAVESSA BERNARDINO DE CAMPOS
315,4338050,RUA JOÃO DE CASTILHO
315,4338060,RUA FOZ DO CANEIRO
315,4338070,RUA BERIMBAU
315,4338080,RUA DAS PAVANAS
315,4338090,RUA JACINTO PAES
315,4338100,RUA LIMBURGO
315,4338110,RUA PADRE JOÃO REBELO
315,4338120,RUA ARQUITETO FELIPE JOAQUIM J
315,4338130,RUA LUÍS DE MONTALVOR
315,4338140,RUA DERVILLE ALEGRETTI
315,4338150,RUA BAHIA
315,4338160,RUA VALE DA NOGUEIRA
315,4338170,RUA VILAR FORMOSO
315,4338180,RUA ALFREDO RENALDIN
315,4338190,RUA CÂNDIDO GUERREIRO
315,4340000,RUA LÉLIO ORSI
315,4340010,RUA GONDELIM
315,4340015,RUA FRONTEIRA
315,4340020,RUA SÃO PEDRO DO SUL
315,4340025,TRAVESSA FLUORITA
315,4340028,PASSAGEM JAÚ
315,4340030,RUA NOVO MÉXICO
315,4340035,TRAVESSA FORTALEZA DOS VALOS
315,4340040,RUA HUGO VÍTOR SILVA
315,4340060,RUA SIMÃO RODRIGUES
315,4340065,RUA WALDO ROLIM DE MORAES
315,4340068,RUA FELIPE DOLIVEIRA
315,4340070,RUA CAETANO GORNATI
315,4340090,RUA DAS VITÁCEAS
315,4340100,RUA VIDUAL
315,4340110,RUA SARDEIRA
315,4340120,VIELA NONA
315,4340130,RUA JOSÉ VILAS BOAS
304,4342000,AVENIDA PEDRO BUENO
304,4342001,AVENIDA PEDRO BUENO
304,4342010,AVENIDA PEDRO BUENO
304,4342011,AVENIDA PEDRO BUENO
304,4342020,PRAÇA OLGA SIMON POYARES
304,4342030,RUA PERDIGÃO NOGUEIRA
304,4342040,RUA CORONEL JOÃO GABI
304,4342050,RUA MINISTRO RODRIGO OTÁVIO
304,4342060,RUA APRÍGIO REGO LOPES
304,4342070,RUA ALMIRANTE SOUSA BRAGA
304,4342080,RUA CORREIA DE ALMEIDA
304,4342090,RUA FRANK GARCIA
304,4342100,RUA SIMÕES MAGRO
304,4342110,RUA JORGE FALEIROS
304,4342120,RUA MARECHAL CAETANO DE FARIA
304,4342130,PRAÇA MASAHARU TANIGUCHI
306,4342140,RUA ANA CRISTINA
304,4343000,RUA ALBERTO LEAL
304,4343010,RUA DONA BADER GEBARA
304,4343020,RUA BARROS BROTERO
304,4343030,PRAÇA HACHIRO MIYAZAKI
304,4343040,RUA MINA DE OURO
304,4343050,RUA MENNUCCI
304,4343060,RUA JOÃO SALEM
304,4343070,RUA ALFREDO RULLO RIZZOTTI
305,4343080,RUA CARNAUBEIRAS
305,4343090,RUA MONSENHOR BASÍLIO PEREIRA
305,4343100,RUA SOARES DE FARIA
305,4343110,RUA GOVERNADOR JORGE LACERDA
305,4343120,RUA FREIRE FARTO
305,4343130,RUA DESEMBARGADOR ALÍPIO BASTO
305,4343140,RUA MARQUES PERDIGÃO
304,4344000,RUA MÁRCIO FALCÃO
305,4344010,AVENIDA DOUTOR LUÍS ROCHA MIRA
305,4344020,RUA VOLKSWAGEN
305,4344030,PRAÇA ALFREDO EGYDIO DE SOUZA
305,4344050,RUA DOS CURUPIÁS
305,4344060,RUA TORRE DOS MOUROS
305,4344070,AVENIDA GENERAL VALDOMIRO DE L
305,4344080,RUA BRITO ALVARENGA
305,4344090,RUA DAS AROEIRAS
305,4344095,TRAVESSA FLORÊNCIO CARPI
305,4344100,TRAVESSA DOS PIGMEUS
305,4344120,TRAVESSA SOFIA FUOCO
306,4345000,AVENIDA ENGENHEIRO GEORGE CORB
306,4345001,AVENIDA ENGENHEIRO GEORGE CORB
305,4345005,PRAÇA PROFESSOR SHIGUEMI MURAK
305,4345010,RUA SARGENTO ANTENOR TEIXEIRA
305,4345020,RUA TENENTE UBIRAJARA MONORY
305,4345030,RUA TENENTE MAURO DE MIRANDA
305,4345040,RUA SARGENTO TOMÁS DE MEDEIROS
310,4346000,RUA ALBA
310,4346010,RUA MURUTINGA
310,4346023,RUA EUSTÁQUIO DA COSTA
310,4346025,VIA CORAPANAÚBAS
310,4346030,TRAVESSA DOS ITAUBAS
310,4346040,RUA TAQUARUÇU
310,4346050,PRAÇA NICOLAU WEBER
310,4346060,RUA DAS TAMBAÍBAS
310,4346070,RUA DOS CAMBUÍS
310,4346080,RUA TURUMÃS
310,4346090,RUA DAS OITICICAS
310,4346095,RUA CORAPANAUBAS
310,4346100,RUA DAS SUMAÚMAS
310,4347000,RUA ANTÔNIO MADI
310,4347010,RUA RAIZ DA SERRA
310,4347020,PRAÇA COMENDADOR ANTÔNIO SANCH
310,4347030,RUA OÁSIS
310,4347040,RUA SANTA PATRÍCIA
310,4347050,RUA JANDIROBA
310,4347060,RUA ANTÔNIO DE AGUIAR
310,4347070,RUA ITAMBACURI
310,4347080,RUA VIEIRA PORTUENSE
310,4347090,RUA PEDRO ANDRÉ
310,4347100,TRAVESSA LUÍSA LANY
310,4347110,RUA APACÊ
310,4347120,RUA LEDUGÉRIO DE FREITAS BARBO
310,4347130,RUA MATUIM
310,4347140,RUA ARACIRANA
310,4347150,RUA TIMBORÉ
310,4347160,RUA SETE QUEDAS
310,4347170,RUA COCAIS
310,4347180,RUA JOSÉ MARIANO FILHO
310,4347190,RUA ASTOR MUNIZ DE SOUZA
310,4348000,RUA PROFESSOR CARLOS RIZZINI
310,4348010,RUA ALEXANDRE DALESSANDRO
310,4348020,RUA DOUTOR VITOR EUGÊNIO DO SA
310,4348030,RUA EDGAR AMORIM AMARAL
310,4348040,RUA LUÍS ORSINI DE CASTRO
310,4348050,RUA JOSÉ TELES DE MATOS
310,4348060,RUA JÚLIA GACHIDO
310,4348070,RUA JURUPARI
310,4348080,RUA ANTÔNIO OLINTO
310,4348090,RUA PEDRO BADRA
310,4348100,RUA JOAQUIM FERNANDO PAES DE B
310,4348110,RUA MONTE AVENTINO
310,4348120,RUA CABURÉ
310,4348130,RUA IPIOCA
310,4348140,RUA BARRÂNIA
310,4348150,RUA PROFESSORA JOSSIE MARTINS
310,4348160,RUA POENTES DE INVERNO
310,4348170,RUA AJURITIBA
309,4349000,RUA DAS GRUMIXAMAS
309,4349010,RUA DOS JATOBÁS
309,4349020,RUA DAS CANJERANAS
309,4349030,RUA DAS NHANDIROBAS
309,4349040,PRAÇA SOICHI MABE
309,4349050,RUA MAESTRO HECKEL TAVARES
309,4349060,RUA ORIENTAL
309,4349070,RUA JOSÉ FERREIRA DA CUNHA
309,4349080,RUA DOMINGOS TERRAS
309,4349090,RUA CARMINE DI GÊNIO
309,4349100,RUA TENENTE ALCIDES MACHADO
309,4349110,RUA DAS ANINGAS
309,4349120,RUA FÚLVIO MENOCCHI
309,4349130,RUA GIUSEPPE MOSCATTI
309,4349140,RUA AZELIO CAPOBIANCO
309,4349150,RUA JOSÉ DE SAMPAIO LEITE
309,4349160,RUA GERALDO SALINI ROMEO
309,4349170,RUA TEODORICO DE ALMEIDA BESSA
309,4349180,RUA MÁRIO RIBEIRO PINTO
309,4349190,RUA PARNAÍBA PAOLIELLO
309,4349200,RUA JOSÉ SÁLVIO DIAS
309,4349210,RUA TAQUACETUBA
309,4349220,RUA SIZENANDO ANTÔNIO DOS SANT
309,4349230,PC ACCACIO RAMOS
309,4349240,RUA ALEXANDRE MARTINS RODRIGUE
309,4349250,RUA HENRIQUE MINDLIN
309,4349260,RUA SAMUEL GACHE
309,4349270,TRAVESSA FORTE DAS MERCÊS
309,4350000,RUA TACIBA
309,4350010,RUA ALMAQUIO DINIS
309,4350015,R ALBA
309,4350020,RUA TEJUPÁ
309,4350030,RUA IBOTI
309,4350040,RUA FLÂMULAS
309,4350050,RUA BENJAMIM LIMA
309,4351000,RUA DAOUD HABIB GEBARA
309,4351010,RUA VITORIANA
309,4351030,RUA TAQUARITUBA
309,4351040,RUA JOÃO ANTÔNIO SOBRINHO
309,4351050,RUA IPAOBI
309,4351060,RUA CORREIA JÚNIOR
309,4351070,RUA ARTEMIS
309,4351080,RUA RUBENS MATTAR
309,4351090,RUA ARMANDO ESTEVES SEVILHA
309,4351100,RUA BENEDITO FERREIRA
309,4351110,RUA ISMAEL ROMERO GONZALEZ
309,4351120,RUA JOSÉ MARUN ATALLA
309,4351130,RUA SÍLVIO MORSOLETTO
304,4355001,AVENIDA JOÃO PEDRO CARDOSO
304,4355010,RUA TOBIAS MONTEIRO
304,4355020,RUA EMBAIXADOR COELHO DE ALMEI
304,4355030,RUA CONDE DE LA HURE
304,4355040,RUA GENERAL PANTALEÃO TELES
304,4355050,RUA PADRE GUALANDI
304,4355060,RUA STEFAN ZWEIG
304,4355070,RUA BRIGADEIRO GAMA BARCELOS
304,4355080,RUA GEORGINA DE ALBUQUERQUE
304,4355090,RUA EDUARDO DE MAGALHÃES
304,4355100,RUA HIDEO SUGUIYAMA
304,4356000,RUA DANIEL KIDDER
304,4356010,RUA RIBEIROLES
304,4356020,RUA MYRON CLARK
304,4356030,RUA JOÃO DE LERY
304,4356040,RUA PROFESSOR FILINTO GUERRA
304,4356050,RUA GENERAL DANTAS BARRETO
304,4356070,RUA BENJAMIM HUNNICUTT
304,4356080,RUA NICOLAU ZARVOS
304,4356090,RUA OTTO BLUMENAU
304,4356100,RUA SIMÕES PINTO
304,4356110,RUA RUGENDAS
304,4357000,RUA DOUTOR MÁRIO MOURÃO
304,4357010,RUA UGO TADDEI
304,4357020,RUA ÂNGELO MENDES DE ALMEIDA
304,4357030,RUA MÁRIO FAUSTINO
304,4357040,RUA CÔNSUL SILVA NEVES
304,4357050,RUA PADRE VICENTE HECKEL
304,4357060,RUA HAROLDO PARANHOS
304,4357070,RUA CORONEL TOBIAS COELHO
304,4357080,RUA MONSENHOR ANTÔNIO PEPE
304,4357090,RUA DOM OTÁVIO DE MIRANDA
304,4357100,RUA ALMEIDA FERRAZ
304,4357110,RUA CORNÉLIO SCHIMIDT
305,4358010,RUA CARLOS FRANCISCO DE PAULA
305,4358015,AVENIDA JUSUE DE CASTRO
305,4358020,RUA MINISTRO GUIMARÃES NATAL
305,4358030,RUA MONSENHOR NALINE
305,4358040,RUA CHARLES MURRAY
305,4358050,RUA LUCIANO CARNEIRO
305,4358070,RUA PADRE ARNALDO PEREIRA
305,4358075,PRAÇA JOUBERT DE CARVALHO
305,4358080,RUA ANGÉLICA DE JESUS
305,4358090,RUA ORLANDO MURGEL
305,4358100,RUA DOM CÂNDIDO PENSO
305,4358110,RUA CLÁUDIO MENDONÇA
305,4358120,RUA BONIFÁCIO DE ABREU
305,4358130,RUA PADRE ABREU E LIMA
305,4358140,RUA GUILHERME REHDER
305,4359000,AVENIDA HÉLIO LOBO
305,4359005,AVENIDA JOSUÉ DE CASTRO
305,4359010,PRAÇA DR SAID ABU-JAMRA
305,4359020,RUA WILSON PEREIRA DE ALMEIDA
305,4359030,RUA GUARUMA
305,4359040,RUA JOAQUIM DA ROSA
305,4359050,RUA GUEDES GALVÃO
305,4359060,RUA CONDE ERNESTO CARNEIRO
305,4359070,RUA MADRE ANGELINA
305,4359080,RUA CORINTO DE TOLEDO
305,4359090,RUA LAÉRCIO NEVES
305,4359100,RUA ACÁCIO VASCONCELOS
311,4360000,AVENIDA DOUTOR LINO DE MORAES
311,4360001,AVENIDA DOUTOR LINO DE MORAES
311,4360020,RUA CIRIDIÃO DURVAL
311,4360030,RUA MANUEL CHEREM
311,4360040,AVENIDA TÚLIO TEODORO DE CAMPO
311,4360050,RUA PRAIA DO CEREJO
311,4360060,RUA FLORES DO CAMPO
311,4360065,RUA DA BANDEIRA
311,4361000,RUA JORGE DUPRAT FIGUEIREDO
312,4361001,TRAVESSA DOM GIL SANCHES
311,4361010,RUA JANDI
312,4361015,VIA DE PEDESTRE IRAPUÁ
311,4361020,RUA JARDIM EMÍLIO
312,4361030,RUA TRINDADE
311,4361040,RUA TITO LÍVIO
311,4361050,RUA DURVAL FONTOURA CASTRO
311,4361060,RUA DORNAS FILHO
311,4361070,RUA CANARIM JÚNIOR
311,4361075,PASSAGEM ONDINA ALVES DE OLIVE
312,4361080,PRAÇA CRUZ DA ROSA
311,4361090,RUA GASTÃO DA CUNHA
311,4361100,RUA JOÃO DA MATTA SARAIVA
311,4361110,RUA PROFESSOR JIGORO KANO
311,4361120,RUA DOS PAULISTANOS
311,4361130,RUA DAS TÂMARAS
311,4362000,RUA RODES
311,4362010,RUA NILO GUERRA
311,4362020,RUA PRAIA DO CASTELO
311,4362025,RUA SÃO VICENTE
311,4362030,RUA PALESTINA
311,4362040,RUA JOSÉ FELICIANO
311,4362050,RUA DERVAL
311,4362060,RUA ENGENHEIRO JORGE OLIVA
311,4362070,RUA ITACURUBÁ
311,4362080,RUA FERNANDES REIS
312,4363000,AVENIDA MASCOTE
311,4363001,AVENIDA MASCOTE
312,4363010,RUA LAMELAS
312,4363020,RUA LITÂNIAS
312,4363030,RUA LANNES
311,4363040,AVENIDA DAMASCENO VIEIRA
312,4363040,AVENIDA DAMASCENO VIEIRA
312,4363050,RUA ARAQUÉM
312,4363060,RUA ARAPÁ
312,4363070,RUA SANTA
312,4363080,RUA JOVINA
312,4363090,RUA VIÇOSA DO CEARÁ
312,4363100,RUA TIANGUA
313,4364000,RUA DOS CAFEZAIS
313,4364010,RUA ABATIRA
313,4364020,RUA MARAÍPE
313,4364030,RUA DAS FLECHAS
313,4365000,Avenida Cupecê
313,4365001,Avenida Cupecê
313,4366000,Avenida Cupecê
313,4366001,Avenida Cupecê
313,4366900,Avenida Cupecê
313,4366901,Avenida Cupecê
313,4366972,Avenida Cupecê
312,4367000,RUA CARLO CARRA
314,4367000,RUA CARLO CARRA
312,4367010,RUA LATIF FAKHOURI
312,4367020,TRAVESSA CONSTELAÇÃO DO CRUZEI
312,4367030,RUA ITACURUÇÁ
312,4367050,RUA NAZARÉ REZEK FARAH
312,4367055,TRAVESSA CONDE BERTOLI
312,4367060,RUA CABIÚNA
312,4367065,AVENIDA MUNICIPAL
312,4367070,RUA SALVADOR IACONA
312,4367080,RUA JOÃO PEDREIRA DUPRAT
312,4367090,RUA MADRE EMILIE DE VILLENEUVE
312,4367110,RUA JOSÉ MORENO
312,4367120,PRAÇA ROSA DE AMOR
312,4368003,RUA DOUTOR DJALMA PINHEIRO FRA
313,4368006,RUA DOUTOR DJALMA PINHEIRO FRA
313,4368010,RUA MANUEL QUEIROZ
313,4368020,RUA JOSEPHINA MARTINELLI DA SI
313,4368030,RUA ANTÔNIO DA COSTA PIMENTEL
313,4368040,RUA ANTÔNIO PAGANO
313,4368050,RUA JOÃO NOEL VON SONNLEITHNER
313,4368060,RUA MARIA CUOFONO SALZANO
313,4368070,RUA LUÍS GONZAGA BICUDO
313,4368080,RUA MARIANA CALACHE
313,4368090,RUA JOÃO ELIAS CALACHE
313,4368110,RUA DO ARCIPRESTE
313,4368115,RUA PALÁCIOS
313,4368120,RUA GUILHERME GAMA
313,4368130,RUA PEDRO DE SEVILHA
313,4368140,RUA EURÍPEDES BARSANULFO
310,4370105,RUA ALBA
312,4381000,AVENIDA VEREADOR JOÃO DE LUCA
312,4381001,AVENIDA VEREADOR JOÃO DE LUCA
314,4382020,RUA JOSÉ VIEIRA NETTO LEME
314,4382025,RUA MARIA JUSTINA DA SILVA
314,4382030,RUA FREAMUNDE
314,4382035,AVENIDA AMÉRICA
314,4382038,RUA ALBA
314,4382045,TRAVESSA OCTÁVIO DE ABREU SAMP
314,4382050,RUA DAS AMEIXEIRAS
314,4382060,TRAVESSA ANDRÉ SERZANO
314,4382070,RUA ALTO DO BONFIM
314,4382080,RUA JABOTI
314,4382090,TRAVESSA PROFESSOR JOÃO MARQUE
314,4382100,TRAVESSA ARAGONITA
314,4382110,RUA DOMINGOS SPLENDORIO
314,4382115,TRAVESSA DA USINA
314,4382120,RUA CÉU TROPICAL
314,4382130,RUA COSTA GOMES
314,4382140,RUA SUMAIA GEBARA FARAH
314,4382150,TRAVESSA DONA SALMA
314,4382160,RUA SANTA MATILDE
314,4382170,TRAVESSA SOLANO
314,4382180,RUA JARBAS LUCIANO ROSA
314,4382190,RUA AMORIM
314,4382200,RUA AGOSTINHO DELGADO
313,4383000,RUA SANTO AGNELO
314,4383010,RUA COMENDADOR ALFAIA RODRIGUE
314,4383030,RUA EFIGÊNIO DE SALLES
314,4383035,TRAVESSA ESMALITA
314,4383037,RUA ANTÔNIO ALVES TEIXEIRA
314,4383050,RUA ADELINO DA FONTOURA
314,4383070,RUA ANTÔNIO COVELLO
314,4383075,RUA SAMUEL PALMER
314,4383080,RUA BATISTA DE MELO
314,4383110,RUA MAFALDA ROCHA
314,4383113,RUA SANTOS FIGUEIREDO
314,4383115,RUA IRMÃ MARIA RUMAN
314,4383120,RUA DESEMBARGADOR ALBERTO GARC
314,4383140,TRAVESSA ANDRÉAS DUEBEN
314,4383145,RUA TERRAS DE CAMBRA
314,4384000,RUA VIRGÍLIO DE LEMOS
314,4384010,RUA HILÁRIO GOUVEIA
314,4384032,RUA CONDE MOREIRA LIMA
314,4384034,RUA CONDE MOREIRA LIMA
314,4384040,RUA JOSÉ LEITE DE SOUZA
314,4384050,RUA PADRE GABRIEL GONÇALVES
314,4384060,RUA ARTUR LOBO
314,4384070,RUA PROFESSOR AZEVEDO ANTUNES
314,4384080,RUA ALOPATAS
314,4384090,RUA JUAN DE LA CRUZ
313,4384110,RUA PETINGUARA
313,4384120,RUA TOMASINA
314,4384125,PRAÇA HAROLDO MONTAGNA
313,4384130,RUA VALANGO
85,4385010,RUA FREDERICO ALBUQUERQUE
85,4385020,RUA RANULFO PRATA
85,4385030,RUA VICTÓRIA SIMÕES
85,4385040,RUA VICENTE LEITE
85,4385050,RUA EDUARDO DE SÁ
85,4385060,RUA CÍCERO SATURNINO DE PINHO
85,4385070,RUA LEÔNIDAS VILHENA DE CARVAL
85,4385080,RUA MARGARIDA ZINGG
85,4385090,RUA VISCONDE DE SANTA ISABEL
85,4385100,RUA LUIZA FAVARO
85,4385105,RUA JAMES DEAN
85,4385110,RUA ANÁLIA MARIA DE JESUS
85,4385120,RUA MANUEL ALVES DE SIQUEIRA
85,4385130,RUA MANOEL SOARES DE OLIVEIRA
86,4386000,RUA HENRIQUE DA COSTA
86,4386010,RUA PAULO RODRIGUES DURÃO
86,4386020,RUA ANTÔNIO DE PINHO DE AZEVED
86,4386030,AVENIDA DURVAL PINTO FERREIRA
86,4386060,RUA MARIA VAZ DE CARVALHO
86,4386070,RUA SOARES PASSOS
86,4386080,TRAVESSA DOS ANDORINHÕES
86,4386100,RUA JOÃO DE LANA
86,4386110,RUA LUÍS CRULS
86,4386120,RUA PORTO CASTANHEIRO
87,4387002,AVENIDA RODRIGUES MONTEMOR
87,4387004,AVENIDA RODRIGUES MONTEMOR
87,4387010,RUA ANTÔNIO ROTUNDO
87,4387030,RUA SÉRGIO PEREIRA DA SILVA PO
87,4387035,RUA JOÃO SABETTA
87,4387040,RUA DAVID JORGE CURI
87,4387050,RUA ANTÔNIO DA SILVA LOBO JÚNI
87,4387060,RUA MANCENILHA
87,4387070,RUA AZENHA
87,4387080,RUA JOÃO BETHCEM MOREIRA FILHO
87,4387090,RUA VALE DO ALVA
87,4387100,RUA CHAMPOLLION
87,4387110,RUA DA PÁTRIA
87,4387120,RUA SANTA JOSEFINA
87,4387130,RUA JOAQUIM LOPES POUPINO
87,4387140,RUA BRÁS DE MELO MONIZ
87,4387150,RUA MANUEL MONTEIRO
87,4387170,RUA SANTO ESTEVAN
87,4387175,RUA DURVAL SILVA
87,4387177,TRAVESSA GALHEROS
87,4387180,RUA JOÃO GARCIA DUTRA
87,4387190,RUA MANUEL ALVES MESQUITA
87,4387200,RUA MATIAS PIRES
87,4387210,RUA JOSÉ POMPEU
87,4387220,RUA TEODORO CABRAL
87,4387230,RUA PROFESSOR NELSON DE SENNA
87,4387240,RUA CORONEL TEODORO FERREIRA
87,4387250,Rua Diogo Vasconcelos
87,4387260,RUA PROFESSOR WALDEMIRO POSTCH
87,4387270,RUA NESTOR DE CASTRO
87,4387295,RUA RODRIGO ESTEBAN
87,4387300,RUA ENGENHEIRO ARTUR ANTUNES M
87,4387320,RUA BAHAMAS
87,4387340,RUA FILIPE FOGAÇA DE OLIVEIRA
87,4387350,RUA FREI TIAGO DE CAVEDINI
9,4409000,RUA BERTA MORENA
9,4409010,RUA SALIM ABRAHÃO JABUR
9,4409020,RUA PASTOR RUBENS LOPES
9,4409022,TRAVESSA RIBEIRÃO PRETO
9,4409025,TRAVESSA PASTOR RUBENS LOPES
9,4409030,RUA PROFESSOR QUINTINO MINGÓIA
10,4409040,RUA MÁRIO FRUGIUELE
10,4409050,TRAVESSA SÃO PAULO DOS AGUDOS
9,4409060,RUA DOUTOR NESTOR SAMPAIO PENT
9,4409070,TRAVESSA RANCHO DAS FLORES
9,4409080,RUA DELFINO FACCHINA
9,4409085,TRAVESSA DELFINO FACCHINA
9,4409090,TRAVESSA FRANÇA
10,4409100,TRAVESSA TAIOVA
10,4410000,RUA VIRGÍLIO GONÇALVES LEITE
10,4410004,TRAVESSA VIRGÍLIO (PRIMEIRA)
10,4410005,TRAVESSA CACAU AZUL
10,4410006,TRAVESSA VIRGÍLIO (SEGUNDA)
10,4410010,RUA PROFESSOR DINO FAUSTO FONT
10,4410020,TRAVESSA ALBERTO RISTORI
10,4410030,RUA HILDEBRANDO FRANK
10,4410040,RUA FERRÚCIO SANDOLI
10,4410045,VIA DE PEDESTRE AFONSO BUONOMO
10,4410046,TRAVESSA FERRÚCIO
10,4410050,TRAVESSA WASHINGTON LUIS
10,4410060,RUA ÂNGELO DEDIVITIS
10,4410070,TRAVESSA SONETO DO PÁSSARO
10,4410080,RUA COMENDADOR ARTUR CAPODAGLI
10,4410085,TRAVESSA CANTO JUBILAR
10,4410090,TRAVESSA ROMANCINHO
10,4410100,TRAVESSA PARTICULAR ALICE FORT
10,4410110,RUA DOUTOR RAFAEL PARISI
10,4410115,TRAVESSA DOUTOR RAFAEL PARISI
10,4410120,TRAVESSA FÁBIO CARVALHO DA SIL
10,4410130,RUA FRANCESCO PRATELLA
10,4410140,RUA LIBERALINA
10,4410150,RUA MAX ALVARY
10,4410160,TRAVESSA RECADO
10,4410165,TRAVESSA JAÚ
10,4410170,TRAVESSA ALFONSO LENG
10,4410175,TRAVESSA SÃO MANOEL
10,4410180,TRAVESSA CANTO GREGORIANO
11,4411000,RUA SÃO JOÃO DA BOA VISTA
11,4411010,TRAVESSA SONHO DO ASTRÓLOGO
11,4411020,RUA EDITH MASON
11,4411030,RUA GIOVANNI MÁRIO
11,4411033,TRAVESSA GIOVANNI MARIO
11,4411035,TRAVESSA MATEUS BABINI
11,4411040,TRAVESSA RIQUEZAS NATURAIS
11,4411050,RUA THOMÁS MORLEY
11,4411060,RUA DOUTOR MULQUEM
11,4411070,RUA MC CONNEL
11,4411075,TRAVESSA MC CONNEL
11,4411080,RUA ADOLFO ADAM
11,4411090,RUA GINO MARINUZZI
11,4411100,RUA MARIA GAY
11,4411110,RUA EDOARDO MASCHERONI
11,4411120,RUA SANTA CRUZ DO RIO PARDO
11,4411130,TRAVESSA SONHO DO SOL
11,4411140,RUA MARGUERITA ALVAREZ
11,4411150,TRAVESSA PENÁPOLIS
11,4411160,RUA JOAQUIM THEODORO TIVO
11,4411170,RUA OLEODUTO
11,4411180,RUA ELIZABETH LINLEY
11,4411190,RUA GIÚLIO NERI
11,4411195,TRAVESSA AQUILES LORIA
11,4411200,TRAVESSA RIMANCETE
11,4411210,TRAVESSA RECORDAÇÕES DE TRAMAT
11,4411220,RUA RUBENS LUCCATS
11,4411225,TRAVESSA SANTA BÁRBARA
11,4411230,TRAVESSA HAROLDO BARBOSA
21,4421000,RUA OLDEGARD OLSEN SAPUCAIA
21,4421010,RUA VICTÓRIO DE PAIVA
21,4421020,RUA MARIA BALADES CORREA
21,4421040,RUA ALCIDES ARGUEDAS
21,4421050,RUA PROFESSOR FREITAS JULIÃO
21,4421060,RUA CAPITÃO JOHN CORDEIRO E SI
21,4421070,RUA PASQUAL VALVA
21,4421075,PRAÇA HERCULANA RIBEIRA DA SIL
21,4421080,RUA MARIA HELENA BARBOSA MARTI
21,4421090,RUA DÉCIO DE QUEIROZ TELLES
21,4421100,RUA HERBERT MAYA DE VASCONCELL
21,4421110,RUA OSWALDO CARVALHO PINTO
21,4421120,RUA ANA LOPES CINTRA
21,4421130,RUA OLEGÁRIO PAIVA
21,4421140,RUA ADA
21,4421150,RUA PASCHOAL GRIECO
21,4421160,RUA JOSÉ MARIA HOMEM DE MONTES
21,4421170,RUA AMÁLIA
21,4421180,AVENIDA FRANCESCO MARIA MELANI
21,4421190,RUA ANTONIETA
21,4421195,VIELA SANTA CATARINA
21,4421200,RUA ELISABETE
21,4421210,RUA ANTÔNIO DO AMOR DIVINO
21,4421220,RUA MARIA TERESA
21,4421225,VIELA C
21,4421230,RUA BELA CINTRA
21,4421233,R CHICO MENDES
21,4421235,RUA JOCIMAR SILVEIRA
21,4421236,R BELA VISTA
21,4421240,RUA BOA ESPERANÇA
21,4421245,VIELA ANTONIO SENA
25,4425000,RUA GUAICURI
25,4425005,ESTRADA DO BOM RETIRO
25,4425010,RUA ESTRELA SOLITÁRIA
25,4425015,RUA ÁTILA GIRARD
25,4425020,RUA NAVIO PERDIDO
25,4425025,RUA DA ASSEMBLÉIA
25,4425030,RUA CANTO DO BRASILEIRO
25,4425035,RUA DO CAMPO
25,4425040,RUA SONETO SIMPLES
25,4425050,RUA GISELE
25,4425060,RUA AURORA LIVIDA
25,4425070,RUA LADAINHA DO MAR
25,4425080,RUA MAR DESCONHECIDO
25,4425090,AVENIDA DOUTOR MASSAU
25,4425095,VIELA SETE
25,4425100,RUA LÍRIOS ROXOS
25,4425110,RUA BABILÔNIA
25,4425120,RUA NANCY LARSEN
25,4425125,RUA LÍVIO AMATO
26,4426000,AVENIDA SANTO AFONSO
26,4426010,RUA GIUSEPPE BOSCHI
26,4426015,TRAVESSA BOA ESPERANÇA
26,4426020,TRAVESSA BAURU
26,4426030,TRAVESSA SONETO À LUA
26,4426040,RUA ZAVUVUS
26,4426050,RUA FRANCO CAPUANA
26,4426060,RUA PAMPILHO
26,4426070,RUA BRÍGIDA BANTI
26,4426080,RUA CORONEL ISAÍAS
26,4426085,TRAVESSA CORONEL ISAÍAS
26,4426090,RUA SANTA JULIETA
26,4426100,RUA MIMI
27,4427000,RUA DESEMBARGADOR OLAVO FERREI
27,4427005,TRAVESSA MILENIO
27,4427010,TRAVESSA TARDE NO RECIFE
27,4427015,TRAVESSA ITAIPÉ
27,4427020,RUA CARLOS FACCHINA
27,4427021,TRAVESSA LUCIANA
27,4427022,TRAVESSA JUPI
27,4427023,TRAVESSA CARLOS FACCHINA
27,4427025,TRAVESSA BARÃO DE MONDIM
27,4427030,RUA DOMENICO ANÍBAL
27,4427040,TRAVESSA ELEGIA DE VERÃO
27,4427050,RUA TUFI MATTAR
27,4427055,TRAVESSA ANJO DE NATAL
27,4427060,TRAVESSA POETA APRENDIZ
27,4427070,RUA GIÁCOMO LAURI-VOLPI
28,4428000,Avenida Yervant Kissajikian
28,4428010,Avenida Yervant Kissajikian
28,4428020,RUA JOSÉ ALVES FIDALGO
28,4428030,RUA ANTÔNIO PEDROSO DE OLIVEIR
28,4428040,RUA CLEOFONTE CAMPANINI
28,4428050,TRAVESSA PRECE DO BRASILEIRO
28,4428060,RUA BRASIL
28,4428070,RUA AMERICANÓPOLIS
28,4428075,TRAVESSA PARAÍSO
28,4428080,TRAVESSA RENASCIMENTO
28,4428090,TRAVESSA FÉLIX FRIAS
28,4428100,TRAVESSA SONHADOR
28,4428110,RUA ERNESTO NICOLINI
28,4428115,TRAVESSA MENDES
28,4428130,RUA GALIANO MASINI
28,4428140,RUA SANTO TOGNOLI
28,4428150,RUA PONTEIOS
28,4428160,RUA CARLOTTA MARCHISIO
28,4428170,TRAVESSA MIUTA MANGUEIRA PEREI
28,4428180,RUA ÁRVORE-DE-BÁLSAMO
29,4429000,RUA O ESTADO DE SÃO PAULO
29,4429002,TRAVESSA ÚLTIMA HORA
29,4429003,TRAVESSA SANTO ANTONINO
29,4429005,TRAVESSA SÃO MARCOS EVANGELIST
29,4429010,RUA ESTANISLAU MONIUSKO
29,4429020,RUA PICOLO
29,4429030,RUA FANFULA
29,4429033,TRAVESSA DOUTOR ÂNGELO ROSELLI
29,4429035,TRAVESSA PRESIDENTE ISAÍAS MED
29,4429040,TRAVESSA WILLIAN BELL
29,4429050,RUA VITTÓRIO GUI
29,4429060,RUA ESTAMPA ESPORTIVA
29,4429065,TRAVESSA PRIMEIRA ESTAMPA ESPO
29,4429070,RUA SUSANA ADAMS
29,4429080,TRAVESSA MARIA DE LOURDES BORG
29,4429090,TRAVESSA MANUEL PALAU
29,4429100,TRAVESSA AFONSO LEROY
29,4429110,TRAVESSA PARTICULAR ESTAMPA ES
29,4429120,TRAVESSA MARCO CAVAZZONI
29,4429130,RUA FOLHA DA NOITE
29,4429135,TRAVESSA FOLHA DA NOITE
29,4429140,RUA DO JORNAL DO COMÉRCIO
29,4429150,RUA CORREIO PAULISTANO
29,4429160,RUA CLARA DUX
29,4429170,TRAVESSA ANTÔNIO TRÓLIO
29,4429180,TRAVESSA JOSÉ RAVELO
29,4429190,RUA EIDÉ MORENA
29,4429200,RUA PROFESSOR JOÃO DE AGUIAR P
29,4429205,TRAVESSA BOLÍVIA
29,4429210,RUA JEAN GABRIEL VILLIN
29,4429220,RUA RODOLPHO BRANDÃO
29,4429225,TRAVESSA RODOLPHO BRANDÃO
29,4429230,RUA PROFESSORA IOLE MARIA CARM
29,4429240,RUA PATAGÔNIA
29,4429250,RUA EMIL ABRANY
29,4429260,RUA GIUSEPPE ANSELMI
29,4429265,TRAVESSA GERALDÃO
29,4429270,RUA GERTRUDE KAPPEL
29,4429280,RUA CLÁUDIA MUZIO
29,4429290,RUA BLANCHE MARCHESI
29,4429300,RUA DOUTOR NICOLINO FALCI
29,4429310,PASSAGEM MATÃO
29,4429320,TRAVESSA FANFULA
30,4430000,RUA BEM-AVENTURADO TEÓFANO VEN
30,4430010,RUA RAINHA DAS MISSÕES
30,4430020,RUA LUCIANO MURATORE
30,4430030,RUA BEM-AVENTURADO ALBERICO CR
30,4430040,RUA PIETRO MONGINI
30,4430050,RUA MADRE GIUSEPPINA DONES
30,4430055,RUA JUDITE MENZIONE
30,4430060,RUA ANDRÉ MESSAGER
30,4430065,TRAVESSA ANDRÉ MESSAGER
30,4430070,AVENIDA BENTO XV
30,4430080,RUA SUARELLA
30,4430090,RUA ÂNGELO REMAZZOTTI
30,4430092,TRAVESSA ÂNGELO REMAZZOTTI
30,4430095,TRAVESSA OITO DE JULHO
30,4430097,TRAVESSA ALDEINHA
30,4430100,RUA JANE OSBORN
30,4430110,RUA ALEXANDRE KIPNIS
30,4430112,VIELA AQUINO
30,4430115,TRAVESSA KIPNIS
30,4430120,RUA CARLO ERB
30,4430130,RUA PAPA GREGÓRIO MAGNO
30,4430132,VIELA CINCO (VILA MISSIONÁRIA)
30,4430135,TRAVESSA PAPA GREGÓRIO MAGNO
30,4430140,RUA MARIA LAUREANA DE ASSIS
30,4430150,AVENIDA PIO XI
30,4430155,VIELA TRES (VILA MISSIONÁRIA)
30,4430160,RUA DA AREIA
30,4430161,RUA DEPUTADO GILBERTO CHAVES
30,4430162,R SANTIAGO ARAUJO
30,4430163,RUA DAS PEDRAS
30,4430164,TRAVESSA VITÓRIA
30,4430165,RUA NELSON TIGRÃO
30,4430170,RUA DORIVAL FERRAZ DA SILVA
30,4430180,RUA FREI FRANCISCO FERREIRA
30,4430190,RUA DOM JOÃO DOS SANTOS
30,4430200,RUA PADRE ASCENSO GAGO
30,4430210,RUA PADRE ANDRÉ DE ALMEIDA
30,4430220,RUA PADRE FAUSTINO CONSONI
30,4430230,RUA PADRE MARIANO RINALDI
30,4430235,TRAVESSA MARIANO RINALDI
30,4430240,RUA FREI LOURENÇO DE ALCÂNTARA
30,4430250,RUA PADRE NATAL PIGATO
30,4430260,RUA PADRE LUÍS VILARES
30,4430270,RUA DOM ROMUALDO COELHO
30,4430275,PRAÇA ANTÔNIO VIANA MENEZES
30,4430280,RUA FREI CRISTÓVÃO DE LISBOA
30,4430290,RUA PADRE ESTEVÃO MARIA
30,4430300,RUA DOM FREDERICO COSTA
30,4430310,RUA PADRE NICOLINO SOUSA
30,4430320,RUA DOM LOURENÇO MARIA BALCONI
30,4430330,RUA PADRE FRANCISCO CORDEIRO
30,4430340,RUA PADRE AUGUSTO LOMBARDI
30,4430345,TRAVESSA LUIS CLÍVIS DE CARVAL
30,4430350,RUA MONSENHOR JOSÉ MARINONI
30,4430355,TRAVESSA PARTICULAR (VILA MISS
30,4430360,RUA LUÍSA MILLER
30,4430370,RUA WALDEMAR DA COSTA
30,4430380,RUA ROMUALDO MAURO
30,4430385,TRAVESSA ROMUALDO MAURO
30,4430390,RUA LUCIANO CONTI
30,4430400,RUA SÃO JOÃO DE BRITO
30,4430410,RUA SÃO FRANCISCO DE PAULA
31,4431000,RUA MARIA CLOTILDE MARTINS ROC
31,4431001,TRAVESSA JOÃO SOARES DE SOUZA
31,4431010,PRAÇA JOHN FORSELL
31,4431020,RUA ALEIXO GARCEZ DA CUNHA
31,4431030,RUA CAETANO SOARES VIANA
31,4431040,RUA GUILHERME JOSÉ PEREIRA
31,4431050,RUA PEDRO MATHIAS SIGAR
31,4431060,RUA SALVADOR OLIVEIRA PAES
31,4431070,RUA JOSÉ DE MATTOS
31,4431080,RUA LOURENÇO SIQUEIRA PRETO
31,4431090,RUA MANUEL RODRIGUES MEXELHÃO
31,4431091,TRAVESSA WILSON MARINHO DOS SA
31,4431100,RUA JOSÉ FRANK
31,4431110,RUA MARIA DOLORES FERREIRA DE
31,4431120,RUA MANUEL DA COSTA CABRAL
31,4431130,RUA INÁCIO DE BULHÕES
31,4431140,RUA ALICE DOS SANTOS PEIXE
31,4431150,RUA GREGÓRIO FAGUNDES
31,4431160,RUA PEDRO FERNANDES ARAGÃO
31,4431170,RUA GABRIELA BESANZONI-LAGE
32,4432000,AVENIDA EDUARDO PEREIRA RAMOS
32,4432010,RUA CONSTÂNCIO JOSÉ SOARES
32,4432020,RUA PROFESSOR CARLOS DECOURT
32,4432022,TRAVESSA VICENTE
32,4432025,TRAVESSA TEODOMIRO
32,4432027,TRAVESSA ELIAS
32,4432030,RUA DINA DE AZEVEDO ALVIM
32,4432040,RUA MONSENHOR MAGGI
32,4432050,RUA ALARICO RIBEIRO
32,4432060,RUA PROFESSOR ANÍBAL MASCARENH
32,4432070,RUA QUATORZE DE ABRIL
32,4432080,RUA REVERENDO DAILY RESENDE FR
32,4432090,RUA GRACHO CARDOSO
32,4432100,RUA DOUTOR JOSÉ VIRGÍLIO VITA
32,4432110,RUA GEORGE BERNANOS
32,4432115,TRAVESSA MARIA DA CONCEIÇÃO
32,4432117,TRAVESSA CAMPANÁRIO
32,4432120,RUA BASTOS TIGRE
32,4432130,RUA DELFIM DA COSTA RIBEIRO
32,4432140,RUA CÉSAR COSTA
32,4432150,RUA PADRE JOSÉ GIANNELLA
32,4432160,RUA MARIANA BRANT
32,4432170,RUA PEIXOTO MELO FILHO
32,4432180,RUA ANTÔNIO PEDRO TEIXEIRA
32,4432190,RUA PROFESSOR AZAMBUJA SUZANO
33,4433010,RUA PEDRO NOGUEIRA DE PAZES
33,4433020,RUA GLYCÉRIO ALMEIDA MACIEL
33,4433030,RUA MARILENA RIBEIRO DA SILVA
33,4433040,RUA RAFAEL PEIXE
33,4433050,RUA OSCAR DE BARROS
33,4433060,RUA PARTICULAR ELOS
33,4433070,RUA BENEDITO GOMES
33,4433080,RUA SABINA KALTER
33,4433090,RUA DINORA ARRUDA FRANCO
33,4433100,RUA JOSÉ ALVES NOGUEIRA
33,4433110,RUA EDUARDO FELLONE
33,4433120,RUA FLORESTAN
33,4433130,RUA BENJAMIN VIEIRA DA SILVA
33,4433140,RUA PIERRE BERTON
33,4433150,AVENIDA VINTE E SETE
33,4433160,RUA THOMÁS LINLEY
33,4433170,RUA RAUL LAPARRA
33,4433180,RUA HENRIQUE GUILHERME NICOLIN
33,4433185,TRAVESSA SÍLVIA
33,4433190,RUA JOSÉ SANTANA TEIXEIRA
33,4433200,RUA JOSÉ BASTOS NOGUEIRA
33,4433210,RUA SYLVIA DE MORAES BRANDÃO
33,4433220,RUA ELISIO MENDES GAIA
33,4433230,RUA ANTÔNIO BARACHO DOS SANTOS
33,4433240,RUA MÁRIO ÂNGELO CAPOCHI
33,4433250,RUA PEDRO GONÇALVES MEIRA
34,4434000,RUA SAMUEL ARNOLD
34,4434010,RUA SELMA KURTZ
34,4434015,TRAVESSA SELMA KURTZ
34,4434020,RUA MICHEL CARRE
34,4434030,RUA ISAÍAS
34,4434040,RUA MARIA LÚCIA DE TOLEDO LEIT
34,4434050,RUA SENADOR RUI CARNEIRO
34,4434060,RUA JURIMANÁS
34,4434070,RUA SATURNINO DE BRITO FILHO
34,4434080,RUA EDUARDO KAISER
34,4434090,AVENIDA LUIGI ARDITI
34,4434100,RUA SENADOR PAULO GUERRA
34,4434110,RUA ARMANDO GONZAGA
34,4434120,RUA ELISEU BORGES
34,4434130,RUA NICOLAU ISNARDO
34,4434140,RUA MANFREDO
34,4434150,RUA GERMANO GOTTSFRITZ
34,4434170,RUA ROSE CARON
34,4434180,RUA PADRE ALBERTO ROCCO
34,4434190,RUA HENRI BERTON
34,4434200,RUA JOANA GADSKY
34,4434210,RUA MADALENA ALLEGRANTI
34,4434220,RUA DIONÍSIO LAVRANGA
34,4434224,TRAVESSA SÃO SEBASTIÃO
34,4434226,TRAVESSA PIAUÍ
34,4434230,RUA VICENTE BETTONI
34,4434240,RUA EMI DESTIN
34,4434250,RUA ANDRÉ ARKOR
34,4434260,RUA VITO FRAZZI
34,4434270,RUA FRANZ ERKEL
34,4434280,RUA JENNY LIND
34,4434290,RUA ÍTALO MONTEMEZZI
34,4434300,RUA ERNESTINA TERRACIANO SIEBE
34,4434310,R MARGINAL
36,4436000,AVENIDA JOÃO BATISTA DI VITORI
36,4436010,RUA INÁCIO XAVIER
36,4436020,RUA MIGUEL RIBEIRO
36,4436040,RUA PLÁCIDO NUNES VIEIRA
36,4436050,RUA DIOGO RAMIRES
36,4436060,RUA GREGÓRIO DE MORAIS REGO
36,4436070,RUA AMARO DA ROCHA
36,4436080,RUA PEDRO RENDON
36,4436090,RUA DIOGO VIDIGAL
36,4436100,RUA ALEIXO LEME DOS REIS
36,4436110,RUA CRISTÓVÃO LINS DE VASCONCE
37,4437000,AVENIDA JOÃO PEIXOTO VIEGAS
37,4437010,RUA ANTÔNIO ZOURO
37,4437020,AVENIDA NICOLAU RESENDE
37,4437030,RUA JOÃO DA ROCHA
37,4437040,PRAÇA JÚLIO DA COSTA LEAL
37,4437050,RUA MANUEL VAZ
37,4437060,RUA FRANCISCO RAMOS
37,4437070,AVENIDA ANTÔNIO GONÇALVES VIAN
37,4437080,RUA TOMÁS VILA REAL
37,4437090,RUA PASCOAL DA RIBEIRA
37,4437095,RUA ODETTE TOBIAS MARINO
37,4437100,RUA LOURENÇO RABELO
37,4437110,RUA JOÃO DOS SANTOS WERNECK
37,4437140,RUA DOMINGOS FURTADO VALADARES
37,4437150,RUA GASPAR COLAÇO VILELA
38,4438000,RUA DAVID EID
38,4438010,RUA LUÍS DA GAMA ROSA
38,4438020,RUA JOSEF GREGOR
38,4438030,RUA MATILDE DIEZ
38,4438040,RUA ANTÔNIO DA VEIGA
38,4438050,RUA JOSÉ PRADO
38,4438055,RUA JOÃO TIMÓTEO BURATO
38,4438060,RUA ROSA DE JESUS E SILVA
38,4438070,RUA CANUTO BORELLI
38,4438080,RUA FERDINANDO FRANTZ
38,4438090,RUA ERIBERTO BARROS CAJAZEIRAS
38,4438100,RUA DOUTOR EPAMINONDAS BARRA
38,4438110,RUA ANDRÉ DE ZUNEGA
38,4438120,RUA DIOGO BARBOSA REGO
38,4438130,RUA CALIL ABUTARA
38,4438140,ESTRADA DA SERVIDÃO
38,4438150,RUA SAVÉRIO MERCADANTE
38,4438160,RUA PACHECO MELO
38,4438170,RUA JAN LAMPE
38,4438180,RUA GIUSEPPE ADAMI
38,4438181,RUA FREVO
38,4438182,RUA INSPIRAÇÃO
38,4438190,RUA JÚLIO KAPP
38,4438200,RUA ALÉSSIO DE PAOLIS
38,4438210,RUA KAREL BURIAN
38,4438220,RUA DURVAL PEDROSO DA SILVA
38,4438230,RUA JOÃO VALENTIM DA CRUZ
38,4438240,RUA EMBAIXATRIZ DORA DE VASCON
38,4438250,RUA DOUTOR LAURO PARENTE
38,4438260,RUA NORBERTO MARTINS RIBEIRO
38,4438270,RUA MILTON DANIELS
38,4438280,RUA HERMENEGILDO MARTINI
38,4438290,RUA FERNANDO MELÃO MARTINI
39,4439000,AVENIDA MARGINAL
39,4439010,RUA DOMENICO FISCHIETTI
39,4439020,RUA ANGÉLICA CATALANI
39,4439030,RUA LEON CARVALHO
39,4439040,RUA AMEDEO BASSI
39,4439050,RUA DOUTOR NELSON MONTEIRO DE
39,4439070,RUA ENGENHEIRO JOÃO LANG
39,4439080,RUA JOSÉ MOREIRA DOS SANTOS
330,4444000,AVENIDA MIGUEL YUNES
330,4444000,AVENIDA MIGUEL YUNES
330,4444000,AVENIDA MIGUEL YUNES
330,4444000,AVENIDA MIGUEL YUNES
330,4444000,AVENIDA MIGUEL YUNES
330,4444000,AVENIDA MIGUEL YUNES
330,4444020,Rua Zacarias Daça
45,4445000,RUA JOSÉ PAULINO DE ARAÚJO
45,4445010,RUA JULIETA DE ARAÚJO ALMEIDA
45,4445020,RUA AFONSO ARAÚJO ALMEIDA
45,4445030,RUA JOSÉ MARIA DE ALMEIDA
45,4445040,RUA ITAPUÍ
45,4445050,RUA ALESSANDRO MANZONI
45,4445060,RUA ELYDIO RODRIGUES NUNES
45,4445070,RUA HERMINDA BRANCA DE BORBA
45,4445080,RUA DANIEL DEFOE
45,4445090,RUA FRANCISCO MADERO
45,4445100,RUA CLODOALDO DE BRITO
45,4445110,RUA GILSON AMADO
45,4445120,RUA VISCONDE DE ROBOREDO
45,4445130,ALAMEDA AFONSO BOCCHIGLIERI
45,4445140,RUA JOÃO FERREIRA DE ABREU
46,4446000,RUA TABARÉ
46,4446010,RUA OIRÁ
46,4446020,PRAÇA NOVA OLINDA
46,4446030,RUA ICAPARÁ
46,4446040,RUA MUSSUM
46,4446050,RUA ANHANGAÍ
46,4446060,AVENIDA ASSARÉ
46,4446070,RUA IMBU-GUAÇU
46,4446080,RUA CAJUBURA
46,4446090,RUA NUPUTIRA
46,4446100,RUA MOISÉS VALÉRIO FRANCO
46,4446120,RUA DO MEIRINHO
46,4446125,RUA JOSÉ DA FONSECA NADAES
46,4446127,RUA ESTER SALLES DE OLIVEIRA
46,4446130,RUA ARAPÉS
46,4446150,RUA OSCAR MIRANDA
46,4446160,RUA JUARI
46,4446170,RUA NHANDUTIBA
46,4446180,RUA CURIÁ
46,4446200,RUA FIRMINO RODRIGUES SILVA
46,4446210,PRAÇA PIERRE LOTI
46,4446220,RUA FREI PANTALEÃO DE AVEIRO
46,4446230,RUA JAIME RODRIGUES
46,4446240,RUA MISARELA DE AGUALVA
330,4447010,Av Nossa Senhora do Sabará
330,4447011,Av Nossa Senhora do Sabará
330,4447020,Av Nossa Senhora do Sabará
330,4447021,Av Nossa Senhora do Sabará
330,4447025,PASSAGEM BRENO CALDAS
330,4447027,RUA PROFESSOR ANÍSIO GONÇALVES
330,4447901,Av Nossa Senhora do Sabará
330,4447902,Avenida Nossa Senhora do Sabar
55,4455000,RUA ORLANDO PINTO RIBEIRO
55,4455010,RUA OTÁVIO ROCHA
55,4455020,RUA NUNO BORGES DO AMARAL
55,4455030,RUA MOACIR BONATTI
55,4455040,RUA ANTÔNIO ROSA MACHADO
55,4455050,RUA MANUEL PAULINO DAVID
55,4455060,RUA CENERINO BRANCO DE ARAÚJO
55,4455070,RUA CARLOS FALLETTI
55,4455080,PRAÇA CLÁUDIO MANOEL DE CASTRO
55,4455090,RUA BALTHAZAR FIGUEIREDO DE AL
55,4455100,TRAVESSA PARTICULAR SANTA FILO
55,4455110,RUA PIETRO LOTTI
55,4455120,PRAÇA ENGENHEIRO RAPHAEL JOSÉ
55,4455130,RUA JOÃO SCATAMACCHIA
55,4455140,RUA AFONSO MANDIA
55,4455150,RUA PAULO ADANÍSIO
55,4455160,RUA VITOR LAMPARELLI
55,4455170,RUA JOÃO FRANCISCO DE MOURA
55,4455180,RUA SARGENTO OLÍCIO ALVES
55,4455190,RUA DINO BORGIOLI
55,4455210,RUA JOANA CASTELLAN
55,4455220,RUA CÉSAR MARENGO
55,4455230,RUA BITUBA
55,4455240,RUA ERNESTO ROTHSCHILD
55,4455250,RUA JOÃO BRESSANE
55,4455260,RUA NONATO VIEIRA LIMA
55,4455280,RUA EUGÊNIO PORTAL
55,4455290,RUA PROFESSOR LEAL FERREIRA
55,4455300,RUA SATURNINO DE ALMEIDA NETO
55,4455305,TRAVESSA FERDINANDO VADERS
55,4455310,RUA ENGENHEIRO DOMÍCIO DE L. P
55,4455320,RUA CLARA SUITER
55,4455340,RUA JANUÁRIO DA ROCHA FRANCA
55,4455350,RUA LAURA DOS ANJOS RAMOS
55,4455360,RUA DOMINGAS GALLETERI BLOTTA
55,4455370,RUA OLGA MIL-HOMENS COSTA
55,4455380,RUA DOUTOR ALCIDES THOMAZ LAUR
55,4455390,RUA JOSÉ FUGULIN
55,4455400,RUA JOSÉ GUILHERME GUIMARÃES P
55,4455405,RUA FLÁVIO CASSIODORO
55,4455410,RUA CASA DE EMAÚS
56,4456000,RUA SÃO CONSTANTINO
56,4456010,RUA PROFESSOR AMADOR DE LIMA J
56,4456020,RUA SÃO ESTANISLAU
56,4456030,RUA SÃO FRANCISCO XAVIER
56,4456050,PRAÇA SANTA MÔNICA
56,4456070,RUA ANA MARGARIDA DAS DORES
56,4456080,RUA PROFESSOR AUGUSTO MONDIN
56,4456090,RUA ENGARDO GENGO
56,4456100,RUA CONDE LUIZ ZUNTA
56,4456110,RUA SÃO CANUTO
56,4456130,RUA MARFIM
56,4456135,RUA GALEANO FRIGO
56,4456137,TRAVESSA FIDELIDADE
56,4456139,RUA PASCOAIS
56,4456140,RUA PEDRO ELMANO
56,4456142,RUA SINVAL DE SOUZA LACERDA
56,4456160,RUA BORBA PEREIRA
56,4456170,RUA JANE AUSTEN
56,4456172,RUA SÃO JOÃO DA MADEIRA
56,4456175,RUA LUÍSA BOCCHIGLIERI XIMENES
56,4456180,RUA MATILDE DE OLIVEIRA SIMONI
56,4456190,RUA CARUTAPERA
56,4456200,RUA FRANCISCO DE ASSIS ARAÚJO
56,4456202,RUA JOAQUIM PEDRO GETÚLIO
56,4456205,RUA JOAQUIM NEVES MONTEIRO
56,4456210,RUA CORONEL RICIOTI ALEGRETI
57,4457000,RUA ORESTES BARBOSA
57,4457010,RUA CÂNDIDO DE SOUSA PITANGA
57,4457020,RUA JOÃO BATISTA DA SILVEIRA
57,4457030,RUA HAFIZ
57,4457040,RUA LAURINDO DE AZEVEDO MARQUE
57,4457060,RUA JOÃO ALBERTO SALES
57,4457070,RUA ÂNGELO SANGIRARDI
57,4457080,RUA JOSÉ MARIA DE ABREU
57,4457090,RUA MARINO PINTO
57,4457100,RUA RAFAEL CORREIA SAMPAIO
57,4457110,RUA JOSÉ DE ATAÍDE MARCONDES
57,4457120,RUA LUÍS BUENO DE MIRANDA
57,4457130,RUA ARLINDO ALBERTO
57,4457140,RUA CONSTANTINO SERGIO
57,4457150,RUA CALIDASSA
57,4457160,RUA SANTOS NETO
58,4458000,RUA ZIKE TUMA
58,4458005,RUA ANA MARIA
58,4458010,AVENIDA MARGINAL
58,4458020,RUA DÉLIO JARDIM DE MATOS
58,4458025,RUA COLASTINE
58,4458030,AVENIDA DILERMANDO REIS
58,4458040,RUA ALFREDO PACÍFICO BELLAGAMB
58,4458050,RUA ANTÔNIO FERNANDES DE OLIVE
58,4458060,RUA JOÃO GARIBALDI DOS SANTOS
58,4458070,RUA HENRIQUE NICOLA VINET
58,4458080,RUA METROPOLITANA
58,4458090,RUA FRANCISCO IANNI
58,4458100,RUA GUADALQUIVIR
58,4458110,RUA JOÃO CÂNDIDO
58,4458120,PRAÇA ATHAYDE FERREIRA DA COST
58,4458140,RUA PEDRO GERMI
58,4458145,RUA PINHAL DE PORTOMAR
58,4458150,RUA MARISA PRADO
58,4458160,RUA TELMA RITTER
58,4458170,RUA MÁRIO CASERINI
58,4458180,RUA BRUNO TAUT
59,4459000,RUA ANTÔNIO DO CAMPO
59,4459010,RUA INOCÊNCIO DE CAMARGO
59,4459015,Rua Brasil(Pedreira)
59,4459020,RUA GREGÓRIO FERREIRA
59,4459030,TRAVESSA MARIA PACHECO
59,4459050,RUA ILHA BELA
59,4459060,RUA CARLOS BIGNARDI
59,4459070,RUA CLÓVIS DE ANDRADE GUTSCHOW
59,4459080,RUA MANOEL MORAES DE SOUZA
59,4459090,RUA WERTHER FARINELLO
59,4459100,RUA LEÔNCIO RIBAS MARINHO
59,4459110,AVENIDA BATISTA MACIEL
59,4459120,RUA MIGUEL NUNES
59,4459130,RUA JOÃO DE MONTES
59,4459140,RUA SALVADOR DIAS
59,4459150,RUA MARCELINO TELES
59,4459160,RUA SOBRAL DO CAMPO
59,4459170,RUA DO MANDUCARI
59,4459180,RUA VALMIQUI
59,4459185,TRAVESSA ÂNGELO BERARDI
59,4459190,RUA BALTAZAR CARDENAS
59,4459200,RUA DOS ANDRADE
59,4459210,RUA JORGE LUÍS DOS SANTOS
59,4459220,RUA VITELMINA ARAÚJO SILVA
59,4459230,RUA CAMAIANI
59,4459240,RUA ALZIRA ALVES DOS SANTOS
59,4459250,RUA MARTA MAGDALENA
59,4459260,RUA MACARANAIMA
59,4459270,RUA JOÃO BARROSO
59,4459280,TRAVESSA JOÃO BARROSO
59,4459290,RUA MANUEL DE MACEDO
59,4459300,RUA ICAVETÁ
59,4459310,RUA BARRA GRANDE
59,4459320,RUA SANTA ÚRSULA
59,4459330,RUA AQUILES ESTAÇO
59,4459340,AVENIDA EMERICO RICHTER
59,4459350,RUA ARISTIDES NOGUEIRA
330,4460000,RUA DOUTOR JACQUES TUPINAMBÁ
330,4460010,RUA AGUIEIRA
330,4460020,RUA MARNEL
330,4460030,TRAVESSA ARNALDO BRAGANÇA
330,4460040,RUA QUINTA DE SANTA LUZIA
330,4461000,RUA CARIDA
330,4461010,RUA JÚNIA FERNANDES GOUVÊA
330,4461020,RUA JOSÉ BONAPARTE
330,4461025,RUA ÂNGELO PAULUCCI
330,4461030,RUA DOUTOR ÊNIO MONTE ALEGRE
330,4461050,RUA JOSÉ MARTINS COELHO
330,4461060,RUA JOAQUIM GONÇALVES DA SILVA
330,4461070,RUA ALBERTINA MALLAN ZAFFIA
330,4461090,RUA CAMILO LOPES DE SOUZA
330,4461100,RUA IGARÁ-PARANÁ
62,4462000,ESTRADA DO ALVARENGA - ATÉ 146
62,4462010,RUA SÍLVIA DE BARROS
62,4462020,RUA MARTINHO AFONSO
62,4462030,RUA TOBIAS DE BARROS
62,4462040,RUA MIGUEL MAURÍCIO RAMALHO
62,4462050,RUA NANQUIM
62,4462060,RUA GABRIEL BENEDITO DO LAGO
62,4462070,PRAÇA ALEXANDRE FRANCISCO REBO
62,4462080,RUA MARIA VIRGÍNIA ESTENSORO
62,4462090,RUA WILLIAM LINDSAY
62,4462095,TRAVESSA ADELIA VASCONCELLOS D
62,4462105,RUA CORONEL ANTÔNIO INOJOSA
62,4462110,RUA JOSÉ RIBEIRO DE ANDRADE
62,4462120,RUA BRIGADEIRO ELÓI PESSOA
62,4462130,PRAÇA PROFESSOR LUÍS CAPRIGLIO
62,4462140,RUA ENGENHEIRO FLÁVIO DA COSTA
62,4462150,RUA DOUTOR JUVENAL MEYER
63,4463000,RUA JACINTA GOMES
63,4463010,RUA CÓRREGO AZUL
63,4463020,RUA PADRE SIMÃO VASCONCELOS
63,4463030,RUA CONCEIÇÃO DA BOA VIAGEM
63,4463040,RUA TAPIRAPÉS
63,4463050,RUA MARIANA BORGES
63,4463060,RUA MATSUICHI WADA
63,4463070,RUA DOS TROPEIROS
63,4463080,RUA JOAQUIM DO LAGO
63,4463090,PRAÇA BRÁS TOSCANO DE MELO
63,4463110,RUA DO SOSSEGO
63,4463120,PRAÇA DO ACURI
64,4464000,RUA FRANCESCO BOROSINI
64,4464010,R GUERRINA FABRI
64,4464020,RUA FRANCISCO ENES
64,4464030,RUA FORTUNIO GALLO
64,4464040,RUA ÂNGELO MONTECILLI
64,4464050,RUA RODRIGUES DE MEDEIROS
64,4464060,PC ALFIO B COSTA
64,4464070,RUA PADRE SANTIAGO
64,4464080,RUA JOAQUIM BENTO DE SOUZA
64,4464090,RUA JAMIL JORGE DANIEL
64,4464100,RUA FRANCESCO BENUCCI
64,4464110,RUA MAFALDA FÁVERO
64,4464120,RUA ARNOLDO MATTERS
64,4464130,RUA GONÇALO CAMACHO
64,4464140,RUA CUSTÓDIO DE AGUIAR
64,4464150,RUA GIOVANNI MAIO
64,4464160,RUA AMADO ALONSO
64,4464170,PC VICENZO FEDERICI
64,4464180,RUA ANTÔNIO TEIXEIRA PINTO
64,4464190,RUA DO MAR PAULISTA
64,4464195,PC FERNANDO V DE A ALVES
64,4464200,RUA JACOPO NAPOLI
66,4466020,RUA MARIA ROSA DE JESUS
66,4466025,RUA JOSÉ VIEIRA MARTINS
66,4466030,RUA FELÍCIO ROSCITO
66,4466035,RUA LAKMÉ
66,4466040,RUA VICENTE DE PAULO DA SILVA
66,4466050,RUA RITA MATILDE COSTA
66,4466060,PC JULIO BENEDICT
66,4466070,RUA CATHARINA MARRONE
66,4466080,RUA LUCIANA BREVAL
66,4466090,AVENIDA AUGUSTO DE CASTRO
66,4466100,RUA BENTO JOSÉ DE MORAES
66,4466110,RUA JERÔNIMO JOSÉ DE ANDRADE
66,4466115,RUA OITO
66,4466120,RUA ANTÔNIO BENEDITO PALHARES
67,4467000,Estrada do Alvarenga
67,4467000,Estrada do Alvarenga
67,4467030,RUA PROFESSOR SALATIEL DE TOLE
67,4467035,RUA REGINA MINGOTI
67,4467040,RUA MADRE EUGENIE VILLIEN
67,4467050,RUA DOM JOÃO BATISTA NERI
67,4467060,RUA ROBERT BIRD
67,4467062,R MARIA MALIBRAN
67,4467065,RUA DOUTOR SÁ PIRES
67,4467070,R UMBERTO GIORDANO
67,4467080,RUA PROFESSORA IRENE MAURÍCIA
67,4467090,RUA EUCLIDES CASTRO DE CARVALH
67,4467110,RUA CUNHA MENDES
67,4467120,RUA BENEDITO RODRIGUES GOUVEIA
67,4467123,RUA BELARMINO BELISÁRIO DE ARA
67,4467125,RUA BENTO JOSÉ BORBA
67,4467130,RUA DO ROSEIRAL
67,4467135,RUA LUIZ BAZZANI
67,4467140,AVENIDA ANTÔNIO VIEIRA MARCOND
67,4467143,TV ANTONIO V MARCONDES
67,4467145,RUA BERNARDO TAVEIRA JÚNIOR
67,4467150,RUA WILSON CANTONI
67,4467155,LRG DA PRIMAVERA
67,4467160,RUA PALMIRA DE SOUZA BARBOSA
67,4467190,RUA EDUARDO CINELLI
67,4467200,RUA GLAUCO FARIA DE ALMEIDA
67,4467220,AVENIDA PROFESSOR ARAÚJO LIMA
67,4467240,RUA LADISLAU DOS SANTOS
67,4467245,RUA DAS ORQUÍDEAS
67,4467250,RUA ABDO NASSER
67,4467260,RUA PASTOR ANTÔNIO ERNESTO DE
67,4467265,R VITORIA
67,4467270,TRAVESSA SÃO SEBASTIÃO
67,4467275,RUA SANTIAGO ARAÚJO
67,4467285,RUA SETE DE ABRIL
67,4467290,RUA VINTE E CINCO DE JANEIRO
67,4467295,RUA DOIS
67,4467989,Estrada do Alvarenga
68,4468000,RUA CÔNEGO ANTÔNIO PINTO
68,4468010,RUA DOUTOR POMPEO ROSSI
68,4468020,PRAÇA DOM LUÍS DE MASCARENHAS
68,4468030,RUA JOAQUIM LUÍS BISPO
68,4468040,RUA PROFESSOR DANTAS JÚNIOR
68,4468050,RUA MARECHAL TASSO TINOCO
68,4468055,RUA PROFESSOR CORRÊA BRITO
68,4468060,RUA CARDOSO JARROS
68,4468070,RUA DOM JOAQUIM LUNA
68,4468080,RUA PONTES DE MORAES
68,4468090,PRAÇA CORONEL RAUL WHITAKER
68,4468100,RUA GENERAL EDSON FIGUEIREDO
69,4469000,RUA JOÃO DE ARAÚJO
69,4469020,TRAVESSA DORIS
69,4469050,RUA HERMÓGENES EDGARD PORTES
69,4469070,RUA MARCIONILO LESSA
69,4469090,RUA MARIA APARECIDA FRANCHINI
69,4469100,RUA ALEXANDRE ÉDER
69,4469103,RUA PADRE JOÃO PEDRO GAY
69,4469105,RUA PROFESSOR ADOLFO CARVALHO
69,4469107,RUA ENGENHEIRO AUGUSTO PESTANA
69,4469110,RUA GÂNDARA DE OLIVAIS
69,4469123,RUA DOMINGOS BORGES
69,4469125,RUA GENERAL OLIVEIRA RAMOS
70,4470000,ESTRADA MUNICIPAL
370,4470010,RUA INDEPENDÊNCIA
370,4470030,RUA ELIAS JABALI
370,4470035,RUA MARGINAL DOIS
370,4470040,RUA AMAD MASSUD
370,4470045,RUA MARGINAL TRÊS
370,4470050,RUA JOSÉ SALGADO DE SOUZA
370,4470060,RUA ANTÔNIO CASERTA
370,4470070,RUA ULISSES VIRGÍLIO FERRARI
370,4470080,RUA LÚCIO DIAS DA FONSECA
370,4470085,RUA FRANCISCO LOPES ANJO
70,4470090,RUA ENGENHEIRO CAIO DIAS BATIS
370,4470091,TRAVESSA ANGICO-DO-CAMPO
370,4470092,TRAVESSA OITI-DO-PARÁ
370,4470093,TRAVESSA ROSA-DO-NATAL
370,4470094,RUA PORTAL ECOLÓGICO
370,4470095,TRAVESSA ANGELIM-ROSA
370,4470096,TRAVESSA CARDAMONO-DA-TERRA
70,4470100,RUA JOSÉ CORTEZ
70,4470110,RUA PEDRO LUÍS DIAS DA FONSECA
70,4470120,RUA ROMILDA PERRI DE CASTRO
70,4470130,RUA JOÃO BLEY FILHO
70,4470140,RUA NICOLA CORTEZ
70,4470150,RUA JOSÉ FARIA
70,4470160,RUA DIOGO NOGUEIRA CASTILHO
70,4470170,RUA DOUTOR DARI BARCELLOS
70,4470180,RUA ROQUE CORDEIRO
370,4470185,RUA SALVADOR DALI
70,4470190,RUA ADAUTO LEMOS
329,4470194,Maria Aparecida de Jesus
70,4470210,RUA ALICE PELLEISSONE
70,4470250,RUA LUIGI MANCINELLI
70,4470260,RUA DAVIDE PEREZ
70,4470261,RUA ADELINA MARIA DE JESUS
70,4470262,RUA JOSÉ SALVADOR DOS SANTOS
70,4470263,RUA PAULO DE SOUZA SANTOS
70,4470270,RUA ELÓI DUTRA
70,4470280,RUA BARÃO ANTÔNIO DE ANGRA
70,4470300,RUA GERTRUDE MARA
70,4470310,RUA CAMILO ANGLERIA
70,4470315,RUA EURICO FRANCO DE SIQUEIRA
70,4470320,RUA MANOEL GUTIERREZ NAJERA
372,4472000,RUA SETE DE SETEMBRO
72,4472010,RUA ELOY BERONI
72,4472020,RUA JOSÉ APARECIDO
72,4472025,RUA SEVERINO
72,4472030,RUA MAZINHO
72,4472040,RUA VERA
72,4472050,RUA NILDA RIBEIRO
72,4472060,RUA MIGUEL
72,4472070,RUA VINTE E UM DE ABRIL
72,4472080,RUA LUANA
72,4472085,RUA JÓ
72,4472090,RUA ALBERTINA
72,4472100,RUA TENENTE ELIAS
72,4472110,RUA GONZAGA
72,4472120,RUA ALICE
72,4472130,RUA ANDERLINO
72,4472140,RUA ANDRÉ
372,4472150,RUA DIVINO
72,4472160,RUA OTACÍLIO MADEIRA
72,4472165,TRAVESSA TRINTA E DOIS
72,4472170,RUA INÊS
72,4472175,TRAVESSA INES
372,4472180,RUA BAHIA
72,4472185,TRAVESSA VINTE E DOIS DE ABRIL
372,4472190,RUA PRIMAVERA
372,4472195,RUA DA ÁRVORE
372,4472200,TRAVESSA OCEANO
372,4472205,RUA SOCIALISTA
72,4472210,VIELA QUINZE DE NOVEMBRO
72,4472215,VIELA DOS AMIGOS
72,4472220,TRAVESSA RIACHO
72,4472225,TRAVESSA DO MAR
72,4472230,VIELA PRIMEIRO DE MAIO
72,4472240,RUA DOUTOR GULDEMBERG
72,4472250,RUA EDUARDO MAGALHÃES
72,4472260,RUA GREGÓRIO MAFRA
72,4472270,RUA GETÚLIO VARGAS
72,4472280,RUA GENÉSIO MOTA
72,4472290,RUA AUGUSTO RUSHI
72,4472300,RUA EUGÊNIO BARROS
72,4472310,RUA ESTADO DE JERUSALÉM
72,4472320,RUA EUCLIDES DA CUNHA
373,4473000,RUA DOS MANDIS
373,4473010,RUA DAS ESPADAS
73,4473020,RUA DAS ENGUIAS
373,4473030,RUA DOS JANDIAS
373,4473040,RUA DOS PIAVUNAS
373,4473050,RUA DOS PIRACÁS
373,4473060,RUA DAS MORÉIAS
373,4473070,RUA DOS CARAPÓS
373,4473080,RUA DOS BAGRES
373,4473090,RUA DOS CARIS
373,4473100,AVENIDA DAS GAROUPAS
373,4473110,RUA DOS CAMURIPINS
373,4473120,RUA DAS RABECAS
373,4473130,RUA DOS PIRAJIS
373,4473140,RUA DAS TUVIRAS
373,4473150,RUA DAS TRAÍRAS
373,4473160,RUA DOS ACARAPEVAS
373,4473170,RUA DOS MANDUBIS
73,4473180,TRAVESSA LEONARDO PRIMAVERA
73,4473190,TRAVESSA JOSÉ FIGUEROA
73,4473220,RUA ALBINO BENTO
373,4473230,RUA DOS SABURUS
73,4473240,RUA DOS ROBALOS
73,4473250,RUA DOS JUVAS
73,4473270,RUA DOS CORATIS
73,4473280,RUA VITOR VIEIRA DE SOUZA
73,4473290,RUA DAS CORVINAS
73,4473310,TRAVESSA GABRIEL DUPONT
73,4473315,RUA DOS BADEJOS
73,4473320,TRAVESSA FLORA FABRI
74,4474000,RUA DOS ANIQUIS
74,4474010,TRAVESSA JOSEFINA RIBEIRO
74,4474015,TRAVESSA MARIA JOSEFINA DA CON
74,4474020,RUA DOS CARATAIS
74,4474030,PRAÇA FREDERIC AUSTIN
74,4474040,RUA DAS BAÚNAS
74,4474050,RUA DOS PIRAMBUS
74,4474060,RUA DOS ACARAÚNAS
74,4474070,RUA DOS ESPADARTES
74,4474080,RUA DOS ACARÁS
74,4474090,RUA DAS CAMBEVAS
74,4474100,RUA DOS PIRAJUBAS
74,4474110,RUA DOS CURIMATAS
74,4474120,RUA DAS CAPIÚNAS
74,4474130,RUA DAS MANJUBAS
74,4474140,RUA DOS APIARIS
74,4474150,ESTRADA DO RETIRO
74,4474160,RUA DOS DOURADOS
74,4474170,RUA DELFIM DO PRATA
74,4474180,AVENIDA PROFESSOR CARDOZO DE M
374,4474190,RUA ANTÔNIO PIRES DOS SANTOS
374,4474200,RUA ESTEVÃO FERRARA
374,4474210,RUA DONATO BARDI
374,4474220,RUA JOSÉ FLÁVIO PEREIRA
374,4474230,RUA MESSIAS AUGUSTO DA SILVA
374,4474240,RUA MIGUEL FLETA
374,4474250,RUA JUVENTINO TAVARES
374,4474260,RUA ESTELITA DE SOUZA MAGALDI
374,4474270,RUA DOS CALANGOS
374,4474280,RUA PROFESSOR MANUEL TABACOW H
374,4474290,RUA FRANCISCO JOSÉ DA COSTA
374,4474300,RUA FRANCISCO VERGUEIRO PORTO
374,4474310,RUA MAJOR JÚLIO VALENTE
374,4474320,RUA FELIPE LABORDE AURAS
74,4474340,ESTRADA DO ALVARENGA - DE 2701
74,4474350,RUA ALCIDES DE CASTRO MACEDO
74,4474360,RUA BARÃO DO BATOVI
74,4474370,RUA DOUTOR ALEXANDRE KALIL YAZ
74,4474380,RUA MARIA SUELY DA SILVA GOMES
74,4474390,AVENIDA ADHEMAR GONZAGA
74,4474400,PRAÇA CORONEL GORDIANO PEREIRA
74,4474410,AVENIDA CORONEL ASTOLFO ARAÚJO
74,4474420,RUA JOÃO BAPTISTA CANTO
74,4474440,RUA CARDOSO DE MELO NETO
75,4475030,TRAVESSA ANDRÉ BALBIANI
75,4475040,TRAVESSA ANÍBAL ANGELINI
75,4475050,RUA VICENTE TOMAZINHO
75,4475060,RUA SÍLVIO PADOVANI
75,4475070,RUA DAS TAINHAS
375,4475072,RUA VICENTE STRICHALSKY
75,4475075,RUA DOS ABIQUARAS
75,4475080,RUA DAS BIJUPIRAS
75,4475090,R MAURICIO GRAU
75,4475100,RUA GEORGE BENDA
375,4475110,RUA ALLAN FOLI
375,4475120,RUA OLGA AMATO
75,4475150,TRAVESSA GASTÃO SIMÕES
75,4475160,RUA DA GRANJA
75,4475170,TRAVESSA ALESSANDRO SARTI
75,4475180,RUA DOS CAMORINS
75,4475190,RUA DOS PARGOS
75,4475193,PASSAGEM UM
75,4475195,PASSAGEM DOIS
75,4475200,RUA DOS MARATIS
75,4475205,RUA FERDINANDO PAER
75,4475210,RUA TOMMASO GIORDANI
75,4475220,RUA DAS PIRAÍBAS
75,4475230,RUA DOS BORÔS
75,4475240,RUA DOS MARIMBAS
75,4475245,TV ALFREDO BODRA
75,4475250,RUA DOS JAUARANAS
75,4475255,RUA FERNANDO APARECIDO DE BARR
385,4475260,AVENIDA JOAQUIM LOURENÇO DE TO
385,4475270,RUA SEBASTIÃO OLÍCIO GREGÓRIO
75,4475280,R ESTEVAO BRETT
385,4475290,RUA SILAS PEREIRA
75,4475295,R SETE DE SETEMBRO
385,4475300,RUA JOSÉ DAMACENO
385,4475330,RUA JOSÉ CATARINO DOS SANTOS
385,4475340,RUA ANTÔNIO BORGES MACHADO DE
385,4475350,RUA PAULINO ALVES ESCUDEIRO
385,4475370,RUA RODOLFO LASSALA FREIRE
75,4475375,R FRANCESCO GRAZIANI
375,4475380,RUA VALENTINO FIORAVANTI
375,4475390,RUA HEITOR SOARES GOMES
375,4475430,RUA FRANCESCO FEO
375,4475440,AVENIDA ALDO JOÃO RINALDI
375,4475450,RUA FERRÚCIO CASTAGNA
375,4475460,RUA HALEVY
375,4475470,AVENIDA JOSÉ CELSO PINTO COELH
375,4475480,RUA MARY GARDEN
385,4475490,RUA DOUTOR CARLOS DE REZENDE E
385,4475492,RUA JOSÉ MAURO DE MENDONÇA
385,4475495,RUA PASQUALE ANFOSSI
385,4475497,RUA JOÃO DE SANTANA BORMANN
385,4475510,RUA JOSUÉ TRAVAGLIA
385,4475520,RUA ALICE DE PAULA MORAIS
385,4475530,RUA WALDELOYR CHAGAS DE OLIVEI
385,4475540,RUA FERNANDO GÓES
385,4475550,RUA DOUTOR AUGUSTO GONZAGA
385,4475560,RUA IRENE GARCIA FERRÃO
385,4475570,RUA JEAN DELMAS
375,4475580,RUA FRANCESCO ARAIA
375,4475590,RUA MELÂNIA KURT
75,4475610,RUA JOAQUIM FORZANO
375,4475620,RUA JOHN EBERS
375,4475630,RUA LUÍS HASSELMAN
376,4476000,RUA JOSEPHINA GIANINNI ELIAS-D
376,4476010,TRAVESSA MAILHO
376,4476020,RUA ATHOS PALMA
376,4476030,LRG PACOVA
376,4476040,RUA SANTIAGO PALOMARES
376,4476050,RUA ALVARENGA
376,4476060,RUA HORNI
376,4476070,RUA DOUTOR JOSÉ SÍLVIO DE CAMA
396,4476073,rua nove
376,4476075,R ANTONIO J XAVIER
376,4476080,RUA ATAÍDE GARCIA DE OLIVEIRA
376,4476090,RUA DAS CAROBINHAS
376,4476110,EST RUST
376,4476115,R FRANCISCO BONFIM
376,4476120,RUA RUST
376,4476125,RUA ALFONSO RENDANO
376,4476130,RUA AMÂNCIO ALCORTA
376,4476135,RUA CARLOS BUCHER
376,4476140,RUA EMILY BRONTE
396,4476145,RUA DENIS FURTEL
76,4476150,RUA VITTÓRIO GIANNINI
76,4476160,RUA VICENZO GALI
76,4476170,RUA MÍRIAM LICETTE
76,4476180,R SEBASTIAO PEDROSO
76,4476190,RUA PEDRO FRANCELINO DOS SANTO
76,4476200,RUA ÍTALO CAMPANINI
396,4476210,RUA GIUSEPPE DE LUCA
76,4476215,RUA GIUSEPPE NESSI
396,4476217,RUA LÚCIA PARENTE SERRA
76,4476220,RUA LILIAN NÓRDICA
396,4476230,RUA GIOVANNI DAVIDE
76,4476232,ALAMEDA DO FEUDO
76,4476235,R DAS PAINEIRAS
76,4476240,AVENIDA ALDA
76,4476250,RUA JOSÉ OSCAR BORBA
386,4476260,AVENIDA CIDADE JUDAIDET MARJAY
386,4476265,RUA SEIS DE MAIO
376,4476270,RUA CÔNEGO JOSÉ PASCHOAL CHRIS
386,4476280,R ALESSANDRO BONCI
376,4476290,TRAVESSA DA SAÚDE
386,4476300,LARGO BOA VISTA
386,4476310,R TERESA BRAMBILLA
376,4476320,RUA DA SAÚDE
386,4476321,RUA QUINZE
376,4476340,R FELICIANO DAVID
386,4476345,RUA TREZE
376,4476350,RUA TATU
386,4476355,R QUATORZE
376,4476380,RUA NELSON HERLING
386,4476390,RUA FRANCESCO MANCINI
386,4476391,RUA ONZE
386,4476395,RUA LUA BRILHANTE
376,4476410,RUA MATA VIRGEM
386,4476415,RUA VINTE
376,4476420,AVENIDA DOS GUATAMBUS
386,4476425,PC ORLANDO MATTOS
376,4476430,RUA GRUMIXABA
386,4476460,RUA FEDERICO VILLENA
386,4476465,RUA DOZE
386,4476470,R GABRIEL A RODRIGUES
386,4476475,R JOAO A DE ALMEIDA
76,4476480,R PEDRO F R DE SOUZA
386,4476490,ESTRADA ÁGUA SANTA
386,4476493,TRAVESSA UM
386,4476495,RUA DEZ
386,4476500,RUA NORMAN CORDON
76,4476540,AVENIDA DA GERALDO CAMPOS FREI
386,4476550,ESTRADA ENCOSTA
76,4476552,ALAMEDA DO CONDE
76,4476553,ALAMEDA DO CASTELINHO
76,4476555,ALAMEDA DO IMPERADOR
386,4476560,ESTRADA CEDRO
386,4476565,RUA VINTE E UM
386,4476590,ESTRADA CAFÉ BRAVO
386,4476600,RUA DO CEPO
386,4476610,RUA FRANCESCO CILEA
386,4476620,RUA QUARESMEIRAS
386,4476630,ESTRADA DA OLARIA
386,4476640,EST DE BAIXO
386,4476650,EST DA CIDADE
386,4476660,R DA DIVISA
316,4601000,RUA PRINCESA ISABEL
316,4601001,RUA PRINCESA ISABEL
316,4601002,RUA PRINCESA ISABEL
316,4601003,RUA PRINCESA ISABEL
316,4601005,PRAÇA DOUTOR DÉCIO CINELLI
316,4601010,RUA ASSIS BRASIL
316,4601020,RUA HENRIQUE BRAMMER NETTO
316,4601028,RUA SUL
316,4601030,RUA CARLO PRINA
316,4601040,RUA GIL EANES
316,4601041,RUA GIL EANES
316,4601042,RUA GIL EANES
316,4601060,RUA RITA JOANA DE SOUSA
316,4601061,RUA RITA JOANA DE SOUSA
316,4601070,RUA COMENDADOR EDUARDO SACCAB
316,4601071,RUA COMENDADOR EDUARDO SACCAB
316,4601090,RUA STELA MARINA
316,4601093,RUA BRUNILDA
316,4601100,PRAÇA ÂNGELO FALGETANO
316,4602000,RUA BARÃO DO TRIUNFO
316,4602001,RUA BARÃO DO TRIUNFO
316,4602002,RUA BARÃO DO TRIUNFO
316,4602003,RUA BARÃO DO TRIUNFO
316,4602004,RUA BARÃO DO TRIUNFO
316,4602005,RUA BARÃO DO TRIUNFO
316,4602006,RUA BARÃO DO TRIUNFO
316,4602007,RUA BARÃO DO TRIUNFO
316,4602010,RUA SEBASTIÃO GOMES
316,4602020,RUA COMENDADOR NORBERTO JORGE
316,4602030,RUA ELEUTÉRIO
316,4602031,RUA ELEUTÉRIO
316,4602040,RUA BOAVAS
316,4602045,PRAÇA CIDADE DE AMMAN
316,4602050,RUA DOM MANUEL
316,4602058,PRAÇA ROQUE WILLER AFONSO
316,4602060,RUA DOUTOR EURICO RANGEL
317,4603000,AVENIDA VEREADOR JOSÉ DINIZ
317,4603001,AVENIDA VEREADOR JOSÉ DINIZ
317,4603002,AVENIDA VEREADOR JOSÉ DINIZ
317,4603003,AVENIDA VEREADOR JOSÉ DINIZ
317,4603004,AVENIDA VEREADOR JOSÉ DINIZ
317,4603010,RUA LEONTINO FERREIRA DE CAMPO
317,4603020,VIADUTO VEREADOR JOSÉ DINIZ
317,4603030,RUA DOS BRASÕES
317,4603039,RUA JOÃO PAIS
317,4603900,Vereador José Diniz
317,4603901,Vereador José Diniz
317,4603903,Vereador José Diniz
317,4603905,Vereador José Diniz
317,4603906,Vereador José Diniz
317,4603907,Vereador José Diniz
317,4604000,AVENIDA VEREADOR JOSÉ DINIZ
317,4604001,AVENIDA VEREADOR JOSÉ DINIZ
317,4604002,AVENIDA VEREADOR JOSÉ DINIZ
317,4604003,AVENIDA VEREADOR JOSÉ DINIZ
317,4604004,AVENIDA VEREADOR JOSÉ DINIZ
317,4604005,AVENIDA VEREADOR JOSÉ DINIZ
317,4604006,AVENIDA VEREADOR JOSÉ DINIZ
317,4604007,AVENIDA VEREADOR JOSÉ DINIZ
317,4604008,PRAÇA JEAN BREVAL
317,4604010,RUA JAIRO DIAS JUNIOR
317,4604900,Vereador José Diniz
317,4604902,Vereador José Diniz
317,4605000,RUA CONSTANTINO DE SOUSA
317,4605001,RUA CONSTANTINO DE SOUSA
317,4605002,RUA CONSTANTINO DE SOUSA
317,4605003,RUA CONSTANTINO DE SOUSA
317,4605004,RUA CONSTANTINO DE SOUSA
317,4605010,RUA FAUSTO DELDUQUE
317,4605020,RUA SARGENTO JOSÉ ROQUE DA SIL
317,4605030,RUA ANTÔNIO COMPARATO
317,4605040,RUA JORGE N. HAIDAR
317,4606000,Rua Barão de Jaceguai
317,4606001,Rua Barão de Jaceguai
317,4606002,Rua Barão de Jaceguai
317,4606003,Rua Barão de Jaceguai
317,4606004,Rua Barão de Jaceguai
317,4606010,TRAVESSA BARÃO DE JACEGUAI
317,4606020,RUA JÚLIO SIMÕES
317,4606030,RUA DOUTOR ESTÁCIO COIMBRA
317,4606040,RUA CAMANDOCAIA
317,4606050,RUA DOMINGOS LOPES
317,4606900,Rua Barão de Jaceguai
317,4606901,Rua Barão de Jaceguai
317,4606902,Rua Barão de Jaceguai
317,4607000,RUA ANTÔNIO DE MACEDO SOARES
317,4607001,RUA ANTÔNIO DE MACEDO SOARES
317,4607002,RUA ANTÔNIO DE MACEDO SOARES
317,4607003,RUA ANTÔNIO DE MACEDO SOARES
317,4607010,RUA DOUTOR DIÓGENES CERTAIN
317,4607020,RUA TEJEREBA
317,4607030,RUA DOUTOR OSCAVO DE PAULA E S
318,4608000,RUA CONDE DE PORTO ALEGRE
318,4608001,RUA CONDE DE PORTO ALEGRE
318,4608002,RUA CONDE DE PORTO ALEGRE
318,4608003,RUA CONDE DE PORTO ALEGRE
319,4608010,RUA VOLTA REDONDA
319,4608011,RUA VOLTA REDONDA
318,4608020,RUA JOSÉ MANZINI
318,4609000,RUA JOÃO ÁLVARES SOARES
318,4609001,RUA JOÃO ÁLVARES SOARES
318,4609002,RUA JOÃO ÁLVARES SOARES
318,4609003,RUA JOÃO ÁLVARES SOARES
318,4609004,RUA JOÃO ÁLVARES SOARES
318,4609005,RUA JOÃO ÁLVARES SOARES
316,4609010,RUA JOSÉ DOS SANTOS JÚNIOR
317,4609011,RUA JOSÉ DOS SANTOS JÚNIOR
318,4609020,TRAVESSA JOSÉ VIEIRA DA LUZ
318,4610000,RUA ZACARIAS DE GOIS
318,4610001,RUA ZACARIAS DE GOIS
318,4610002,RUA ZACARIAS DE GOIS
318,4610003,RUA ZACARIAS DE GOIS
318,4610004,RUA ZACARIAS DE GOIS
318,4610005,RUA ZACARIAS DE GOIS
320,4610010,RUA XAVIER GOUVEIA
320,4610011,RUA XAVIER GOUVEIA
318,4610020,RUA VALTER FONTENELLE RIBEIRO
318,4610030,RUA DEMETRE STRAVOS DAGRES
318,4610040,RUA COMENDADOR ORLANDO STEVAUX
318,4610050,RUA VISCONDE DE MARANGUAPE
318,4610060,RUA CONDESSA DE PINHAL
318,4610070,RUA PAIÃO
318,4610080,RUA LAVARIZ
318,4610090,RUA POVEIRAS
318,4610100,RUA ANDUZEIRO
318,4610110,RUA LOUSA
318,4611000,RUA REPÚBLICA DO IRAQUE
318,4611001,RUA REPÚBLICA DO IRAQUE
318,4611002,RUA REPÚBLICA DO IRAQUE
318,4611003,RUA REPÚBLICA DO IRAQUE
318,4611004,RUA REPÚBLICA DO IRAQUE
318,4611010,RUA BARÃO DE SANTA BRANCA
318,4611020,RUA CONDE DE IPANEMA
318,4611030,RUA CORONEL MACEDO
318,4611040,RUA BARÃO DE AGUIAR
318,4611050,RUA VISCONDE DE CASTRO
318,4611060,RUA ALBERTO GEBARA
318,4611070,RUA LEAL DE SOUZA
320,4614000,RUA MORAIS DE BARROS
320,4614001,RUA MORAIS DE BARROS
320,4614010,RUA DEMÓSTENES
320,4614011,RUA DEMÓSTENES
320,4614012,RUA DEMÓSTENES
320,4614013,RUA DEMÓSTENES
320,4614014,RUA DEMÓSTENES
320,4614015,RUA DEMÓSTENES
320,4614020,RUA AUGUSTO RIBEIRO FILHO
320,4614030,RUA AGROVILA
320,4614040,RUA CONFITEOR
320,4614050,TRAVESSA UBIRASSANGA
320,4615000,RUA DOUTOR JESUÍNO MACIEL
320,4615001,RUA DOUTOR JESUÍNO MACIEL
320,4615002,RUA DOUTOR JESUÍNO MACIEL
320,4615003,RUA DOUTOR JESUÍNO MACIEL
320,4615004,RUA DOUTOR JESUÍNO MACIEL
320,4615005,RUA DOUTOR JESUÍNO MACIEL
320,4615006,RUA DOUTOR JESUÍNO MACIEL
320,4615010,RUA ANÉSIO MARTINS DE SIQUEIRA
320,4615020,RUA NOEL TOREZIN
320,4615030,TRAVESSA CANÇÃO EXCÊNTRICA
320,4615040,RUA SAPOTI
320,4615050,RUA RAFAEL IÓRIO
320,4615060,RUA LOURICAL
316,4616000,Rua Pascal
316,4616000,Rua Pascal
316,4616001,Rua Pascal
316,4616002,Rua Pascal
319,4616002,Rua Pascal
319,4616003,Rua Pascal
319,4616004,Rua Pascal
319,4616005,Rua Pascal
319,4616010,RUA CLEIDE
319,4616020,RUA AI
319,4616030,RUA PANAPOI
319,4616900,Rua Pascal
319,4616902,Rua Pascal
319,4616902,Rua Pascal
319,4616903,Rua Pascal
319,4616904,Rua Pascal
319,4616905,Rua Pascal
320,4617000,Rua Vieira de Morais
320,4617000,Rua Vieira de Morais
320,4617000,Rua Vieira de Morais
320,4617000,Rua Vieira de Morais
320,4617000,Rua Vieira de Morais
320,4617001,Rua Vieira de Morais
320,4617001,Rua Vieira de Morais
320,4617001,Rua Vieira de Morais
320,4617002,Rua Vieira de Morais
320,4617002,Rua Vieira de Morais
320,4617002,Rua Vieira de Morais
320,4617002,Rua Vieira de Morais
320,4617003,Rua Vieira de Morais
320,4617003,Rua Vieira de Morais
320,4617003,Rua Vieira de Morais
320,4617004,Rua Vieira de Morais
320,4617004,Rua Vieira de Morais
320,4617005,Rua Vieira de Morais
320,4617005,Rua Vieira de Morais
320,4617005,Rua Vieira de Morais
320,4617006,Rua Vieira de Morais
320,4617006,Rua Vieira de Morais
320,4617007,Rua Vieira de Morais
320,4617007,Rua Vieira de Morais
320,4617007,Rua Vieira de Morais
320,4617010,Rua Vieira de Morais
320,4617010,Rua Vieira de Morais
320,4617010,Rua Vieira de Morais
320,4617010,Rua Vieira de Morais
320,4617010,Rua Vieira de Morais
320,4617011,Rua Vieira de Morais
320,4617011,Rua Vieira de Morais
320,4617011,Rua Vieira de Morais
320,4617012,Rua Vieira de Morais
320,4617012,Rua Vieira de Morais
320,4617012,Rua Vieira de Morais
320,4617013,Rua Vieira de Morais
320,4617014,Rua Vieira de Morais
320,4617014,Rua Vieira de Morais
320,4617014,Rua Vieira de Morais
320,4617014,Rua Vieira de Morais
320,4617014,Rua Vieira de Morais
320,4617015,Rua Vieira de Morais
320,4617015,Rua Vieira de Morais
320,4617015,Rua Vieira de Morais
320,4617015,Rua Vieira de Morais
320,4617015,Rua Vieira de Morais
320,4617015,Rua Vieira de Morais
320,4617020,RUA OLAVO SANTOS BICUDO
320,4617030,RUA JÚLIO RUA PEREZ
320,4617039,RUA SELMA
320,4617040,RUA ALEXANDRINA ROSA
320,4617060,RUA CASARIAS
320,4617070,RUA ITUMBIARA
320,4617900,Rua Vieira de Morais
320,4617901,Rua Vieira de Morais
320,4617902,Rua Vieira de Morais
320,4617903,Rua Vieira de Morais
320,4617904,Rua Vieira de Morais
320,4617905,Rua Vieira de Morais
320,4617906,Rua Vieira de Morais
320,4617907,Rua Vieira de Morais
320,4617908,Rua Vieira de Morais
320,4617910,Rua Vieira de Morais
320,4617959,Rua Vieira de Morais
320,4617971,Rua Vieira de Morais
319,4618000,RUA JOÃO DE SOUZA DIAS
319,4618001,RUA JOÃO DE SOUZA DIAS
319,4618002,RUA JOÃO DE SOUZA DIAS
319,4618003,RUA JOÃO DE SOUZA DIAS
319,4618010,RUA TEODORO PUTZ
316,4618020,RUA ÁLVARO LUÍS ROBERTO DE ASS
319,4618030,RUA EDSON
319,4618031,RUA EDSON
319,4618032,RUA EDSON
319,4618033,RUA EDSON
319,4618034,RUA EDSON
319,4618035,RUA EDSON
319,4618040,TRAVESSA GEORGE PERRY
319,4618050,RUA ANSERIZ
319,4619000,RUA GABRIELE DANNUNZIO
319,4619001,RUA GABRIELE DANNUNZIO
319,4619002,RUA GABRIELE DANNUNZIO
319,4619003,RUA GABRIELE DANNUNZIO
319,4619004,RUA GABRIELE DANNUNZIO
319,4619005,RUA GABRIELE DANNUNZIO
319,4619010,RUA JOSÉ BATISTA PEREIRA
319,4619020,RUA BARÃO DO SABARÁ
318,4619030,RUA VICENTE LEPORACE
318,4619031,RUA VICENTE LEPORACE
318,4619032,RUA VICENTE LEPORACE
318,4619033,RUA VICENTE LEPORACE
318,4619034,RUA VICENTE LEPORACE
318,4619035,RUA VICENTE LEPORACE
318,4619040,RUA ALÉM
318,4619050,TRAVESSA SANTA RITA
318,4619060,RUA BRIGADEIRO GODOFREDO VIDAL
390,9910000,RUA MANOEL AMARAL (PRQ S SETEM
390,9910001,RUA JOSÉ URBANO (PRQ S SETEMBR
390,9910002,RUA ENGENHEIRO IZIDRO PEDRO (J
390,9910010,RUA JOÃO FERNANDES DE OLIVEIRA
390,9910020,RUA FRANCISCO ALVES (PRQ S SET
390,9910030,RUA ANTÔNIO PEDROZELLI (PRQ S
390,9910040,RUA GASPAR RICARDO (PRQ S SETE
390,9910050,RUA ANTÔNIO POTT (PRQ S SETEMB
390,9910060,RUA JOSÉ ZARA (PRQ S SETEMBRO)
390,9910070,RUA CHARLES GOMES DE FRANÇA (P
390,9910080,RUA VICENTE FELIPE CELESTINO (
390,9910110,RUA JÚLIO PRESTES (PRQ S SETEM
390,9910115,RUA EPITÁCIO PESSOA (PRQ S SET
390,9910120,RUA COIMBRA (PRQ S SETEMBRO)
390,9910130,RUA IDA ESPAGIARI MARTINS (PRQ
390,9910140,AVENIDA NOSSA SENHORA DAS VITÓ
390,9910150,RUA DA INDEPENDÊNCIA (PRQ S SE
390,9910160,RUA PRIMEIRO SARGENTO NESTOR R
390,9910170,AVENIDA ALDA (PRQ S SETEMBRO)
390,9910180,RUA JAPÃO (PRQ S SETEMBRO)
390,9910190,RUA WASHINGTON LUIZ (PRQ S SET
390,9910200,RUA OSVALDO CRUZ (PRQ S SETEMB
390,9910220,RUA NATAL (PRQ S SETEMBRO)
390,9910225,RUA JÁCOMO SPAGIARI (PRQ S SET
390,9910230,RUA DOUTOR MÁRIO SANTALÚCIA (J
390,9910240,RUA SAQUAREMA (PRQ S SETEMBRO)
390,9910250,RUA ORIENTE MONTI
390,9910260,RUA FUMINOBU SHIMIZU
390,9910300,RUA CANANÉIA
390,9910310,RUA ILHÉUS (PRQ S SETEMBRO)
390,9910320,RUA ARARUAMA (PRQ S SETEMBRO)
390,9910330,RUA ANGRA DOS REIS (PRQ S SETE
390,9910340,RUA PAQUETÁ (PRQ S SETEMBRO)
390,9910350,RUA VICENTE ÁDAMO ZARA
390,9910360,RUA ITAGUARÉ
390,9910370,RUA MANTIQUEIRA
390,9910380,AVENIDA SÃO JOSÉ
391,9910400,RUA JOÃO THEODORO GENESI
391,9910440,RUA VISCONDE DE OURO PRETO (JD
391,9910450,RUA VISCONDE DE CABO FRIO (JD
391,9910460,RUA VISCONDE DE INHAÚMA (JD RE
391,9910470,AVENIDA VISCONDE DO RIO BRANCO
391,9910480,RUA PARTICULAR JAFET (JD REY)
391,9910490,PRAÇA JOSÉ DILERMANDO
391,9910500,RUA ADELINO TINTI
391,9910520,RUA VISCONDE DE ITABORAÍ (JD R
391,9910530,RUA VISCONDE DE TAUNAY (JD REY
391,9910535,RUA VISCONDE DE CAIRU (JD REY)
391,9910540,RUA VISCONDE DE PELOTAS (JD RE
391,9910550,AVENIDA SENADOR VITORINO FREIR
391,9910560,RUA VISCONDE DE MAUÁ (JD REY)
391,9910570,RUA JOÃO CAETANO DE SOUZA (JD
391,9910580,RUA SÃO JOÃO (JD RECANTO)
391,9910610,RUA SÃO RAFAEL
391,9910620,RUA SÃO PEDRO
391,9910630,RUA SÃO MANOEL
391,9910640,RUA SANTO ANTÔNIO
391,9910650,RUA ARI BARROSO
391,9910660,RUA GRACIOSA (PRQ S SETEMBRO)
391,9910670,RUA JOÃO TANOSOVICI
391,9910680,RUA MARIA DE SOUZA MITRE
391,9910690,RUA SEBASTIANA MACHADO TEODORO
391,9910700,RUA SÃO GENARO
391,9910710,RUA ANTÔNIO CARLOS LUZ
391,9910720,RUA MANOEL DA NÓBREGA (PRQ S S
391,9910730,RUA ANCHIETA
391,9910740,RUA MARLEY
391,9910750,RUA JOSÉ DE ALENCAR
391,9910760,RUA CARMINE FLAUTO
391,9910770,RUA REGENTE FEIJÓ
391,9910989,RUA MANOEL DA NOBREGA
392,9912000,RUA GENERAL RONDON
392,9912010,AVENIDA SETE DE SETEMBRO (JD R
392,9912020,RUA MARECHAL DEODORO
392,9912030,RUA MARECHAL FLORIANO
392,9912040,RUA JOAQUIM NABUCO
392,9912050,PRAÇA ANTÔNIO MOTTA FILHO
392,9912060,RUA JOSÉ DO PATROCÍNIO
392,9912080,RUA CIDADE DE SANTO ANDRÉ
392,9912090,RUA CIDADE DE SUZANO
392,9912100,RUA CIDADE DE RIBEIRÃO PIRES
392,9912120,RUA CIDADE DE JUNDIAÍ
392,9912130,RUA PRIMEIRO DE MAIO (JD STA D
392,9912140,RUA DEZENOVE DE NOVEMBRO (JD S
392,9912150,RUA VINTE E UM DE ABRIL (JD ST
392,9912160,PRAÇA LIONS CLUBE
392,9912170,RUA ALMIRANTE BARROSO (JD STA
392,9912180,RUA TUIUTI (VL DIADEMA)
392,9912190,AVENIDA RIACHUELO
392,9912200,RUA HUMAITÁ (VL DIADEMA)
392,9912201,PASSAGEM TUIUTI (VL DIADEMA)
392,9912205,TRAVESSA CÍCERO DO NASCIMENTO
392,9912207,TRAVESSA PETROMÍLIO FRANCISCO
392,9912210,RUA CIDADE DE MAUÁ
392,9912220,RUA ITORORÓ (VL DIADEMA)
392,9912230,RUA BANDEIRANTES
392,9912235,TRAVESSA BANDEIRANTES
392,9912240,RUA CARLOS GOMES
392,9912250,RUA SANTO DIAS
392,9912260,RUA BILAC
392,9912263,RUA IRAJÁ
392,9912265,RUA ATIBAIA
392,9912268,RUA IGUATEMI
392,9912270,TRAVESSA BILAC
392,9912280,RUA FRANCISCO FERREIRA (VL DIA
392,9912300,PASSAGEM NOVA ALEGRIA (VERA CR
392,9912320,RUA ESTRELA CADENTE (VERA CRUZ
392,9912340,PASSAGEM DOS REIS MAGOS (VERA
393,9913000,AVENIDA PRESIDENTE KENNEDY (JD
393,9913010,RUA LÍDIA BLANK (JD PITANGUEIR
393,9913020,RUA SANTO INÁCIO (JD PITANGUEI
393,9913030,RUA SÃO NICOLAU (JD PITANGUEIR
393,9913040,RUA SÃO CRISTÓVÃO (JD PITANGUE
393,9913050,RUA SÃO MARCOS (JD PITANGUEIRA
393,9913060,RUA SÃO LUCAS (JD PITANGUEIRAS
393,9913070,RUA SANTO AGOSTINHO (JD PITANG
393,9913080,RUA SÃO GABRIEL (JD PITANGUEIR
393,9913090,RUA SANTO AMARO (JD PITANGUEIR
393,9913110,RUA PADRE MARCELINO CHAMPAGNAT
393,9913120,RUA PADRE MANOEL VIEIRA (VL EL
393,9913130,AVENIDA ASSEMBLÉIA (VL ÉLIDA)
393,9913140,RUA PADRE BENTO DIAS PACHECO (
393,9913150,RUA GENERAL VICENTE DE PAULA D
393,9913160,RUA DUQUE DE CAXIAS (VL ÉLIDA)
393,9913190,RUA TENENTE OSCAR NUNES (VL ÉL
393,9913195,RUA ENCARNAÇÃO ALCARDE MACIEL
393,9913200,RUA VEREADOR JORGE FERREIRA (V
393,9913210,RUA MARECHAL JUAREZ TÁVORA (VL
393,9913220,RUA MARECHAL EURICO GASPAR DUT
393,9913230,RUA MONTE CASTELO (VL ÉLIDA)
393,9913240,RUA DA CONSTITUIÇÃO (VL ÉLIDA)
391,9914000,RUA VINÍCIUS DE MORAES (JD ROS
391,9914010,RUA CORA CORALINA (JD ROSINHA)
391,9914040,RUA CECÍLIA MEIRELES (JD ROSIN
391,9914050,RUA CACILDA BECKER (JD ROSINHA
391,9914060,RUA TOM JOBIM (JD ROSINHA)
393,9920000,AVENIDA CONCEIÇÃO
393,9920010,RUA ÉLBIO CAMILO
393,9920020,RUA SERRA ACARAÍ (PRQ REID)
393,9920025,PASSAGEM PARTICULAR (PRQ REID)
394,9920030,RUA SERRA DE MACAÉ (PRQ REID)
394,9920040,RUA SERRA DE MARACUJÁ (PRQ REI
393,9920050,RUA SERRA DA CANASTRA (PRQ REI
394,9920055,TRAVESSA SERRA DAS ESTRELAS (P
393,9920060,RUA JOSEFA SOARES DA CONCEIÇÃO
394,9920080,AVENIDA MARIA LEONOR (PRQ REID
394,9920090,RUA PIRACICABA (PRQ MAMEDE)
393,9920100,RUA MOGI MIRIM (PRQ MAMEDE)
393,9920110,RUA PARAPUÃ (VL IDA)
393,9920130,RUA BARRETOS (VL IDA)
393,9920140,RUA JOÃO DE ALMEIDA (VL IDA)
393,9920150,RUA RIO CLARO (VL IDA)
393,9920160,RUA DOUTOR JOÃO RIBEIRO (PRQ J
393,9920170,RUA JOSÉ MAGNANI (PRQ JABOTICA
393,9920175,RUA FRANCISCO ANSELMO GOMES DE
393,9920190,RUA GUAXUPÉ (VL M LEONOR)
393,9920200,PASSAGEM AUGUSTO ELIAS DA SILV
393,9920210,RUA JAÚ (VL M LEONOR)
394,9920220,RUA TORQUATO JOAQUIM RODRIGUES
394,9920230,RUA BEBEDOURO (VL M LEONOR)
394,9920250,RUA ANTÔNIO MARINO (VL M LEONO
394,9920260,RUA SÃO PAULO (VL S VICENTE)
394,9920270,RUA CECÍLIA QUEZALES DE ANDRAD
394,9920280,RUA MANOEL MARINO (VL S VICENT
394,9920290,RUA SEBASTIÃO ANDRADE BONANI (
394,9920300,RUA LÁZARA QUEIROZ DE LIMA (VL
394,9920320,RUA RUI BARBOSA (VL S VICENTE)
394,9920330,RUA SÃO VICENTE (VL S VICENTE)
394,9920340,RUA RIBEIRÃO PRETO (VL M LEONO
393,9920350,RUA PARIS (PRQ JABOTICABEIRAS)
393,9920360,RUA AVARÉ (PRQ JABOTICABEIRAS)
393,9920370,RUA JACAREÍ (PRQ JABOTICABEIRA
393,9920380,PRAÇA UBATUBA (VL M LEONOR)
393,9920390,RUA BRAGANÇA (VL M LEONOR)
393,9920400,RUA ITU (VL M LEONOR)
393,9920410,RUA ARARAQUARA (PRQ JABOTICABE
393,9920450,RUA SÃO FRANCISCO DE SALLES (P
393,9920460,RUA SAFIRA (JD DONINI)
393,9920470,RUA DOS BRILHANTES (JD DONINI)
393,9920480,RUA ÁGUA MARINHA (JD DONINI)
393,9920490,RUA DAS PÉROLAS (JD DONINI)
393,9920500,RUA TURMALINAS (JD DONINI)
393,9920520,RUA DAS ESMERALDAS (JD DONINI)
393,9920530,RUA SÍLVIO DONINI (JD DONINI)
393,9920540,RUA ANTÔNIO DOLL DE MORAES
393,9920550,PRAÇA ANGELINA DE MELLO (JD DO
393,9920560,PRAÇA DOS CRISTAIS (JD DONINI)
393,9920572,AVENIDA FÁBIO EDUARDO RAMOS ES
393,9920575,AVENIDA FÁBIO EDUARDO RAMOS ES
393,9920578,AVENIDA FÁBIO EDUARDO RAMOS ES
393,9920579,AVENIDA FÁBIO EDUARDO RAMOS ES
393,9920580,RUA DOS EVANGELISTAS (JD DONIN
393,9920590,RUA DOS RUBIS (JD DONINI)
393,9920595,PASSAGEM MARIA INÊS GOUVEIA DA
393,9920600,RUA TOPÁZIO (JD DONINI)
394,9920610,AVENIDA VEREADOR JUAREZ RIOS D
394,9920630,RUA LINS (PRQ JABOTICABEIRAS)
394,9920640,RUA CORUNHA (PRQ JABOTICABEIRA
394,9920650,RUA ORENSE (PRQ JABOTICABEIRAS
394,9920660,RUA VERIN (PRQ GALÍCIA)
394,9920670,RUA VIGO (PRQ GALÍCIA)
394,9920680,RUA LAZA (PRQ GALÍCIA)
394,9920690,RUA SALGADO DE CASTRO (PRQ GAL
394,9920700,RUA SHIGUEKI MATSUBARA
394,9920710,RUA VEREADOR GUSTAVO SONNEWEND
394,9920720,RUA ALZIRA
394,9920730,RUA JOÃO PAULO I
394,9921000,AVENIDA DAS NAÇÕES (JD NAÇÕES)
394,9921003,VIELA SÃO SEBASTIÃO (JD NAÇÕES
394,9921005,RUA MARINHO DE CARVALHO (VL MA
394,9921010,RUA OSLO (JD NAÇÕES)
394,9921020,RUA COLÔMBIA (JD NAÇÕES)
394,9921028,PASSAGEM ESTADOS UNIDOS (N H E
394,9921029,TRAVESSA ESTADOS UNIDOS (N H E
394,9921030,RUA ESTADOS UNIDOS (JD NAÇÕES)
394,9921040,RUA CANADÁ (VL MULFORD)
394,9921050,RUA ARGENTINA (JD NAÇÕES)
394,9921070,RUA BOLÍVIA (JD NAÇÕES)
394,9921080,RUA HAITI (JD NAÇÕES)
394,9921090,RUA CARACAS (JD NAÇÕES)
394,9921100,RUA QUITO (VL MULFORD)
394,9921110,RUA URUGUAI (JD NAÇÕES)
394,9921130,RUA EQUADOR (JD NAÇÕES)
394,9921140,RUA TÓQUIO (VL MULFORD)
394,9921150,RUA PERU (JD NAÇÕES)
394,9921160,RUA MÉXICO (JD NAÇÕES)
394,9921170,RUA CHILE (JD NAÇÕES)
394,9921180,RUA MOSCOU (VL MULFORD)
394,9921182,TRAVESSA PERU (VL MULFORD)
394,9921183,TRAVESSA URUGUAI (VL MULFORD)
394,9921184,TRAVESSA QUITO (VL MULFORD)
394,9921185,TRAVESSA CUBA (VL MULFORD)
394,9921186,TRAVESSA CHILE (VL MULFORD)
394,9921188,TRAVESSA ARGENTINA (VL MULFORD
394,9921190,RUA PEQUIM (VL MULFORD)
394,9921200,PRAÇA MÔNACO (JD NAÇÕES)
394,9921210,RUA MONTEVIDÉO (VL MULFORD)
394,9921230,RUA HAVANA (JD NAÇÕES)
394,9921240,RUA ONU (JD NAÇÕES)
394,9921245,RUA ROMA (JD NAÇÕES)
394,9921250,RUA NOVA YORQUE (JD NAÇÕES)
394,9921270,RUA SANTIAGO (JD NAÇÕES)
394,9921280,RUA HAYA (JD NAÇÕES)
394,9921290,RUA ATENAS (JD NAÇÕES)
394,9921300,RUA INTERNACIONAL (JD NAÇÕES)
394,9921310,RUA BUENOS AIRES (VL MULFORD)
394,9921320,RUA SIDNEY (JD NAÇÕES)
394,9921330,RUA SUL AMÉRICA (JD NAÇÕES)
394,9921340,RUA LA PAZ (JD NAÇÕES)
394,9921350,RUA LISBOA (VL MULFORD)
394,9921370,RUA PANAMÁ (JD NAÇÕES)
394,9921380,RUA BERLIM (JD NAÇÕES)
394,9921390,PASSAGEM BERLIM (JD NAÇÕES)
394,9921400,RUA VIENA (JD NAÇÕES)
394,9930270,AVENIDA PRESTES MAIA
394,9930280,RUA JACUÍ (JD S J TADEU)
394,9930290,RUA GEMA (JD S J TADEU)
394,9930330,RUA ANTÔNIO PALOMBO (VL MARQUE
394,9930340,RUA JOSÉ BERTO (VL MARQUES)
394,9930345,RUA BENEDITO ROQUE ALVES (VL M
394,9930350,RUA POLÔNIA (VL MARQUES)
394,9930450,AVENIDA PARANAPANEMA (JD S J T
394,9930460,RUA FERDINANDO DUCCA (JD V LÚC
394,9930470,RUA JOSÉ CARNEIRO CAMPOS (JD V
394,9930475,PASSAGEM VERA (JD V LÚCIA)
394,9930477,PASSAGEM DO CONJUNTO (JD V LÚC
394,9930480,RUA JOAQUIM JOSÉ FERREIRA (JD
394,9931390,AVENIDA LUIZ MERENDA
394,9931610,AVENIDA LUIGI PAPAIZ
397,9941201,AVENIDA FÁBIO EDUARDO RAMOS ES
397,9941445,RUA YAYÁ
397,9941690,RUA GOIÁS
397,9941720,RUA PERNAMBUCO
397,9941740,RUA BAHIA
397,9941760,RUA MINAS GERAIS
397,9942000,AVENIDA ANTÔNIO PIRANGA
397,9942080,RUA ALTINO ARANTES
395,9951000,RUA ANTÔNIO DIAS ADORNO
395,9951002,Av Dona Ruyce Ferraz Alvim
395,9951010,RUA BRUNO SPINOSA
395,9951020,RUA AGOSTINHO BARBALHO
395,9951030,RUA DOMINGOS DE AZEVEDO
395,9951040,RUA SEBASTIÃO FERNANDES TOURIN
395,9951050,RUA ANTÔNIO DE AZEVEDO
395,9951060,RUA SALVADOR CORREA DE SÁ
395,9951070,RUA ANTÔNIO PÁDULA (VL ANA SOF
395,9951080,RUA MANOEL DAMASCENO CARNEIRO
395,9951100,RUA ISAURA GUEDES (VL ANA SOFI
395,9951110,AVENIDA ALBERTO JAFET (VL ANA
395,9951120,RUA HUMBERTO MAROELLI DE MENDO
395,9951140,RUA ATAÍDE ROBERTO DOS SANTOS
395,9951150,RUA ISAO MATSUOKA (NH GOYOTIN)
395,9951160,RUA JOSÉ MASSON (VL GOYOTIN)
395,9951170,RUA JOSÉ MODESTO DE CARVALHO (
395,9951180,RUA BELCHIOR DIAS MOREIRA (JD
395,9951190,RUA NAOCHITI TANAKA (NH GOYOTI
395,9951200,RUA OSVALDO DE OLIVEIRA (VL GO
395,9951220,RUA ROBERTO BADOLATO (VL GOYOT
395,9951225,RUA IZAAC AIZEMBERG (VL GOYOTI
395,9951230,PRAÇA ENGENHEIRO HORÁCIO MESSI
395,9951240,RUA SOTOE SHIMIZU (VL GOYOTIN)
395,9951260,AVENIDA DONA IDA CERATI MAGRIN
395,9951270,RUA GEORG REXROTH (VL PE ANCHI
395,9951273,RUA CLARICE LISPECTOR
395,9951275,RUA ZÉLIA GATTAI
395,9951278,RUA RACHEL DE QUEIROZ
395,9951280,RUA PEDRO JOSÉ DE REZENDE
395,9951300,RUA MARIA HELENA (JD B VISTA)
395,9951310,RUA MANOEL RAMOS DOMINGUES (SA
395,9951320,RUA ATAULFO ALVES (SARA REGINA
395,9951330,RUA MARIA LUIZA (JD B VISTA)
395,9951340,RUA MARIA FLORINDA (JD B VISTA
395,9951350,RUA MARIA EMÍLIA (JD B VISTA)
395,9951360,RUA JOHANN KUZOLITZ
395,9951370,RUA LEONARDO ALVES OLIVEIRA
395,9951380,RUA TUPINIMOS (JD TAMOIO)
395,9951390,RUA CHAVANTES (SARA REGINA)
395,9951400,RUA TAPAXANAS (JD TAMOIO)
395,9951410,RUA MARIA AMÉLIA
395,9951420,RUA DOS CARIRIS (JD TAMOIO)
395,9951430,RUA DOS TABAJARAS
395,9951440,RUA DO CORREDOR (JD TAMOIO)
395,9951450,RUA CARIJÓS
395,9951460,RUA JÚLIO CAMPOS RODRIGUES
395,9951465,AVENIDA POR DO SOL (POR DO SOL
395,9951470,RUA DANIEL NUNES DE CASTRO
395,9951475,RUA NASCER DO SOL (POR DO SOL)
395,9951480,RUA BARTIRA
395,9951485,RUA SOL NASCENTE (POR DO SOL)
395,9951490,RUA RAIO DE LUAR (POR DO SOL)
395,9951495,RUA RAIO DE SOL (POR DO SOL)
395,9951496,RUA PATRÍCIA GALVÃO (POR DO SO
395,9951497,RUA ESTER MEDINA (POR DO SOL)
395,9951498,RUA SOL POENTE (POR DO SOL)
395,9951499,RUA RAUL POMPÉIA (POR DO SOL)
395,9951500,RUA JOÃO MENDES
395,9951510,RUA JOSÉ ROMÃO DE OLIVEIRA
395,9951520,RUA CAIAPÓS (JD TAMOIO)
395,9951530,RUA BAIBIRIS (JD TAMOIO)
395,9951540,PRAÇA RUI BARBOSA
395,9951550,PRAÇA BOM JESUS DE PIRAPORINHA
395,9951560,RUA DOS ESCUDEIROS
395,9951570,AVENIDA JURUBATUBA
395,9951580,RUA MOINHO FABRINI
395,9952205,RUA ASA BRANCA (JD NORDESTE)
395,9952208,RUA PATATIVA (JD NORDESTE)
397,9961210,RUA TOMÉ DE SOUZA (JD PIRAPORI
397,9961350,AVENIDA CASA GRANDE
397,9961390,AVENIDA FUNDIBEM (JD C GRANDE)
397,9961400,AVENIDA PRESIDENTE COSTA E SIL
397,9961540,Av Dona Ruyce Ferraz Alvim
397,9961550,Av Ferraz Alvim
397,9961730,RUA RIO DE JANEIRO (JD RUYCE)
397,9980025,Av Ferraz Alvim
397,9981360,Av Dona Ruyce Ferraz Alvim
